drop table if exists pokemon_abilities;
drop table if exists pokemon_types;
drop table if exists pokemon_stats;
drop table if exists abilities;
drop table if exists types;
drop table if exists stats;
drop table if exists pokemon;

CREATE OR REPLACE FUNCTION maintain_updated_at()
RETURNS TRIGGER AS $$
BEGIN
    NEW.updated_at = now();
    RETURN NEW;
END;
$$ language 'plpgsql';

create table pokemon (
    pokemon_id int primary key,
    name text not null,
    height int,
    weight int,
    is_default boolean not null,
    created_at timestamp not null default current_timestamp,
    updated_at timestamp not null default current_timestamp
);

create trigger pokemon_updated_at before update
on pokemon for each row execute procedure 
maintain_updated_at();

create table stats (
    stat_id int primary key,
    name text not null,
    is_battle_only boolean not null,
    created_at timestamp not null default current_timestamp,
    updated_at timestamp not null default current_timestamp
);

create trigger stats_updated_at before update
on stats for each row execute procedure 
maintain_updated_at();

create table types (
    type_id int primary key,
    name text not null
);

create table abilities (
    ability_id int primary key,
    name text not null
);

create table pokemon_stats (
    pokemon_id int references pokemon(pokemon_id),
    stat_id int references stats(stat_id),
    base_stat int not null,
    primary key (pokemon_id, stat_id));

create table pokemon_types (
    pokemon_id int references pokemon(pokemon_id),
    type_id int references types(type_id),
    primary key (pokemon_id, type_id));

create table pokemon_abilities (
    pokemon_id int references pokemon(pokemon_id),
    ability_id int references abilities(ability_id),
    primary key (pokemon_id, ability_id));



insert into pokemon (pokemon_id, name, height, weight, is_default) values 
    (1,'bulbasaur',7,69,true),
    (2,'ivysaur',10,130,true),
    (3,'venusaur',20,1000,true),
    (4,'charmander',6,85,true),
    (5,'charmeleon',11,190,true),
    (6,'charizard',17,905,true),
    (7,'squirtle',5,90,true),
    (8,'wartortle',10,225,true),
    (9,'blastoise',16,855,true),
    (10,'caterpie',3,29,true),
    (11,'metapod',7,99,true),
    (12,'butterfree',11,320,true),
    (13,'weedle',3,32,true),
    (14,'kakuna',6,100,true),
    (15,'beedrill',10,295,true),
    (16,'pidgey',3,18,true),
    (17,'pidgeotto',11,300,true),
    (18,'pidgeot',15,395,true),
    (19,'rattata',3,35,true),
    (20,'raticate',7,185,true),
    (21,'spearow',3,20,true),
    (22,'fearow',12,380,true),
    (23,'ekans',20,69,true),
    (24,'arbok',35,650,true),
    (25,'pikachu',4,60,true),
    (26,'raichu',8,300,true),
    (27,'sandshrew',6,120,true),
    (28,'sandslash',10,295,true),
    (29,'nidoran-f',4,70,true),
    (30,'nidorina',8,200,true),
    (31,'nidoqueen',13,600,true),
    (32,'nidoran-m',5,90,true),
    (33,'nidorino',9,195,true),
    (34,'nidoking',14,620,true),
    (35,'clefairy',6,75,true),
    (36,'clefable',13,400,true),
    (37,'vulpix',6,99,true),
    (38,'ninetales',11,199,true),
    (39,'jigglypuff',5,55,true),
    (40,'wigglytuff',10,120,true),
    (41,'zubat',8,75,true),
    (42,'golbat',16,550,true),
    (43,'oddish',5,54,true),
    (44,'gloom',8,86,true),
    (45,'vileplume',12,186,true),
    (46,'paras',3,54,true),
    (47,'parasect',10,295,true),
    (48,'venonat',10,300,true),
    (49,'venomoth',15,125,true),
    (50,'diglett',2,8,true),
    (51,'dugtrio',7,333,true),
    (52,'meowth',4,42,true),
    (53,'persian',10,320,true),
    (54,'psyduck',8,196,true),
    (55,'golduck',17,766,true),
    (56,'mankey',5,280,true),
    (57,'primeape',10,320,true),
    (58,'growlithe',7,190,true),
    (59,'arcanine',19,1550,true),
    (60,'poliwag',6,124,true),
    (61,'poliwhirl',10,200,true),
    (62,'poliwrath',13,540,true),
    (63,'abra',9,195,true),
    (64,'kadabra',13,565,true),
    (65,'alakazam',15,480,true),
    (66,'machop',8,195,true),
    (67,'machoke',15,705,true),
    (68,'machamp',16,1300,true),
    (69,'bellsprout',7,40,true),
    (70,'weepinbell',10,64,true),
    (71,'victreebel',17,155,true),
    (72,'tentacool',9,455,true),
    (73,'tentacruel',16,550,true),
    (74,'geodude',4,200,true),
    (75,'graveler',10,1050,true),
    (76,'golem',14,3000,true),
    (77,'ponyta',10,300,true),
    (78,'rapidash',17,950,true),
    (79,'slowpoke',12,360,true),
    (80,'slowbro',16,785,true),
    (81,'magnemite',3,60,true),
    (82,'magneton',10,600,true),
    (83,'farfetchd',8,150,true),
    (84,'doduo',14,392,true),
    (85,'dodrio',18,852,true),
    (86,'seel',11,900,true),
    (87,'dewgong',17,1200,true),
    (88,'grimer',9,300,true),
    (89,'muk',12,300,true),
    (90,'shellder',3,40,true),
    (91,'cloyster',15,1325,true),
    (92,'gastly',13,1,true),
    (93,'haunter',16,1,true),
    (94,'gengar',15,405,true),
    (95,'onix',88,2100,true),
    (96,'drowzee',10,324,true),
    (97,'hypno',16,756,true),
    (98,'krabby',4,65,true),
    (99,'kingler',13,600,true),
    (100,'voltorb',5,104,true),
    (101,'electrode',12,666,true),
    (102,'exeggcute',4,25,true),
    (103,'exeggutor',20,1200,true),
    (104,'cubone',4,65,true),
    (105,'marowak',10,450,true),
    (106,'hitmonlee',15,498,true),
    (107,'hitmonchan',14,502,true),
    (108,'lickitung',12,655,true),
    (109,'koffing',6,10,true),
    (110,'weezing',12,95,true),
    (111,'rhyhorn',10,1150,true),
    (112,'rhydon',19,1200,true),
    (113,'chansey',11,346,true),
    (114,'tangela',10,350,true),
    (115,'kangaskhan',22,800,true),
    (116,'horsea',4,80,true),
    (117,'seadra',12,250,true),
    (118,'goldeen',6,150,true),
    (119,'seaking',13,390,true),
    (120,'staryu',8,345,true),
    (121,'starmie',11,800,true),
    (122,'mr-mime',13,545,true),
    (123,'scyther',15,560,true),
    (124,'jynx',14,406,true),
    (125,'electabuzz',11,300,true),
    (126,'magmar',13,445,true),
    (127,'pinsir',15,550,true),
    (128,'tauros',14,884,true),
    (129,'magikarp',9,100,true),
    (130,'gyarados',65,2350,true),
    (131,'lapras',25,2200,true),
    (132,'ditto',3,40,true),
    (133,'eevee',3,65,true),
    (134,'vaporeon',10,290,true),
    (135,'jolteon',8,245,true),
    (136,'flareon',9,250,true),
    (137,'porygon',8,365,true),
    (138,'omanyte',4,75,true),
    (139,'omastar',10,350,true),
    (140,'kabuto',5,115,true),
    (141,'kabutops',13,405,true),
    (142,'aerodactyl',18,590,true),
    (143,'snorlax',21,4600,true),
    (144,'articuno',17,554,true),
    (145,'zapdos',16,526,true),
    (146,'moltres',20,600,true),
    (147,'dratini',18,33,true),
    (148,'dragonair',40,165,true),
    (149,'dragonite',22,2100,true),
    (150,'mewtwo',20,1220,true),
    (151,'mew',4,40,true),
    (152,'chikorita',9,64,true),
    (153,'bayleef',12,158,true),
    (154,'meganium',18,1005,true),
    (155,'cyndaquil',5,79,true),
    (156,'quilava',9,190,true),
    (157,'typhlosion',17,795,true),
    (158,'totodile',6,95,true),
    (159,'croconaw',11,250,true),
    (160,'feraligatr',23,888,true),
    (161,'sentret',8,60,true),
    (162,'furret',18,325,true),
    (163,'hoothoot',7,212,true),
    (164,'noctowl',16,408,true),
    (165,'ledyba',10,108,true),
    (166,'ledian',14,356,true),
    (167,'spinarak',5,85,true),
    (168,'ariados',11,335,true),
    (169,'crobat',18,750,true),
    (170,'chinchou',5,120,true),
    (171,'lanturn',12,225,true),
    (172,'pichu',3,20,true),
    (173,'cleffa',3,30,true),
    (174,'igglybuff',3,10,true),
    (175,'togepi',3,15,true),
    (176,'togetic',6,32,true),
    (177,'natu',2,20,true),
    (178,'xatu',15,150,true),
    (179,'mareep',6,78,true),
    (180,'flaaffy',8,133,true),
    (181,'ampharos',14,615,true),
    (182,'bellossom',4,58,true),
    (183,'marill',4,85,true),
    (184,'azumarill',8,285,true),
    (185,'sudowoodo',12,380,true),
    (186,'politoed',11,339,true),
    (187,'hoppip',4,5,true),
    (188,'skiploom',6,10,true),
    (189,'jumpluff',8,30,true),
    (190,'aipom',8,115,true),
    (191,'sunkern',3,18,true),
    (192,'sunflora',8,85,true),
    (193,'yanma',12,380,true),
    (194,'wooper',4,85,true),
    (195,'quagsire',14,750,true),
    (196,'espeon',9,265,true),
    (197,'umbreon',10,270,true),
    (198,'murkrow',5,21,true),
    (199,'slowking',20,795,true),
    (200,'misdreavus',7,10,true),
    (201,'unown',5,50,true),
    (202,'wobbuffet',13,285,true),
    (203,'girafarig',15,415,true),
    (204,'pineco',6,72,true),
    (205,'forretress',12,1258,true),
    (206,'dunsparce',15,140,true),
    (207,'gligar',11,648,true),
    (208,'steelix',92,4000,true),
    (209,'snubbull',6,78,true),
    (210,'granbull',14,487,true),
    (211,'qwilfish',5,39,true),
    (212,'scizor',18,1180,true),
    (213,'shuckle',6,205,true),
    (214,'heracross',15,540,true),
    (215,'sneasel',9,280,true),
    (216,'teddiursa',6,88,true),
    (217,'ursaring',18,1258,true),
    (218,'slugma',7,350,true),
    (219,'magcargo',8,550,true),
    (220,'swinub',4,65,true),
    (221,'piloswine',11,558,true),
    (222,'corsola',6,50,true),
    (223,'remoraid',6,120,true),
    (224,'octillery',9,285,true),
    (225,'delibird',9,160,true),
    (226,'mantine',21,2200,true),
    (227,'skarmory',17,505,true),
    (228,'houndour',6,108,true),
    (229,'houndoom',14,350,true),
    (230,'kingdra',18,1520,true),
    (231,'phanpy',5,335,true),
    (232,'donphan',11,1200,true),
    (233,'porygon2',6,325,true),
    (234,'stantler',14,712,true),
    (235,'smeargle',12,580,true),
    (236,'tyrogue',7,210,true),
    (237,'hitmontop',14,480,true),
    (238,'smoochum',4,60,true),
    (239,'elekid',6,235,true),
    (240,'magby',7,214,true),
    (241,'miltank',12,755,true),
    (242,'blissey',15,468,true),
    (243,'raikou',19,1780,true),
    (244,'entei',21,1980,true),
    (245,'suicune',20,1870,true),
    (246,'larvitar',6,720,true),
    (247,'pupitar',12,1520,true),
    (248,'tyranitar',20,2020,true),
    (249,'lugia',52,2160,true),
    (250,'ho-oh',38,1990,true),
    (251,'celebi',6,50,true),
    (252,'treecko',5,50,true),
    (253,'grovyle',9,216,true),
    (254,'sceptile',17,522,true),
    (255,'torchic',4,25,true),
    (256,'combusken',9,195,true),
    (257,'blaziken',19,520,true),
    (258,'mudkip',4,76,true),
    (259,'marshtomp',7,280,true),
    (260,'swampert',15,819,true),
    (261,'poochyena',5,136,true),
    (262,'mightyena',10,370,true),
    (263,'zigzagoon',4,175,true),
    (264,'linoone',5,325,true),
    (265,'wurmple',3,36,true),
    (266,'silcoon',6,100,true),
    (267,'beautifly',10,284,true),
    (268,'cascoon',7,115,true),
    (269,'dustox',12,316,true),
    (270,'lotad',5,26,true),
    (271,'lombre',12,325,true),
    (272,'ludicolo',15,550,true),
    (273,'seedot',5,40,true),
    (274,'nuzleaf',10,280,true),
    (275,'shiftry',13,596,true),
    (276,'taillow',3,23,true),
    (277,'swellow',7,198,true),
    (278,'wingull',6,95,true),
    (279,'pelipper',12,280,true),
    (280,'ralts',4,66,true),
    (281,'kirlia',8,202,true),
    (282,'gardevoir',16,484,true),
    (283,'surskit',5,17,true),
    (284,'masquerain',8,36,true),
    (285,'shroomish',4,45,true),
    (286,'breloom',12,392,true),
    (287,'slakoth',8,240,true),
    (288,'vigoroth',14,465,true),
    (289,'slaking',20,1305,true),
    (290,'nincada',5,55,true),
    (291,'ninjask',8,120,true),
    (292,'shedinja',8,12,true),
    (293,'whismur',6,163,true),
    (294,'loudred',10,405,true),
    (295,'exploud',15,840,true),
    (296,'makuhita',10,864,true),
    (297,'hariyama',23,2538,true),
    (298,'azurill',2,20,true),
    (299,'nosepass',10,970,true),
    (300,'skitty',6,110,true),
    (301,'delcatty',11,326,true),
    (302,'sableye',5,110,true),
    (303,'mawile',6,115,true),
    (304,'aron',4,600,true),
    (305,'lairon',9,1200,true),
    (306,'aggron',21,3600,true),
    (307,'meditite',6,112,true),
    (308,'medicham',13,315,true),
    (309,'electrike',6,152,true),
    (310,'manectric',15,402,true),
    (311,'plusle',4,42,true),
    (312,'minun',4,42,true),
    (313,'volbeat',7,177,true),
    (314,'illumise',6,177,true),
    (315,'roselia',3,20,true),
    (316,'gulpin',4,103,true),
    (317,'swalot',17,800,true),
    (318,'carvanha',8,208,true),
    (319,'sharpedo',18,888,true),
    (320,'wailmer',20,1300,true),
    (321,'wailord',145,3980,true),
    (322,'numel',7,240,true),
    (323,'camerupt',19,2200,true),
    (324,'torkoal',5,804,true),
    (325,'spoink',7,306,true),
    (326,'grumpig',9,715,true),
    (327,'spinda',11,50,true),
    (328,'trapinch',7,150,true),
    (329,'vibrava',11,153,true),
    (330,'flygon',20,820,true),
    (331,'cacnea',4,513,true),
    (332,'cacturne',13,774,true),
    (333,'swablu',4,12,true),
    (334,'altaria',11,206,true),
    (335,'zangoose',13,403,true),
    (336,'seviper',27,525,true),
    (337,'lunatone',10,1680,true),
    (338,'solrock',12,1540,true),
    (339,'barboach',4,19,true),
    (340,'whiscash',9,236,true),
    (341,'corphish',6,115,true),
    (342,'crawdaunt',11,328,true),
    (343,'baltoy',5,215,true),
    (344,'claydol',15,1080,true),
    (345,'lileep',10,238,true),
    (346,'cradily',15,604,true),
    (347,'anorith',7,125,true),
    (348,'armaldo',15,682,true),
    (349,'feebas',6,74,true),
    (350,'milotic',62,1620,true),
    (351,'castform',3,8,true),
    (352,'kecleon',10,220,true),
    (353,'shuppet',6,23,true),
    (354,'banette',11,125,true),
    (355,'duskull',8,150,true),
    (356,'dusclops',16,306,true),
    (357,'tropius',20,1000,true),
    (358,'chimecho',6,10,true),
    (359,'absol',12,470,true),
    (360,'wynaut',6,140,true),
    (361,'snorunt',7,168,true),
    (362,'glalie',15,2565,true),
    (363,'spheal',8,395,true),
    (364,'sealeo',11,876,true),
    (365,'walrein',14,1506,true),
    (366,'clamperl',4,525,true),
    (367,'huntail',17,270,true),
    (368,'gorebyss',18,226,true),
    (369,'relicanth',10,234,true),
    (370,'luvdisc',6,87,true),
    (371,'bagon',6,421,true),
    (372,'shelgon',11,1105,true),
    (373,'salamence',15,1026,true),
    (374,'beldum',6,952,true),
    (375,'metang',12,2025,true),
    (376,'metagross',16,5500,true),
    (377,'regirock',17,2300,true),
    (378,'regice',18,1750,true),
    (379,'registeel',19,2050,true),
    (380,'latias',14,400,true),
    (381,'latios',20,600,true),
    (382,'kyogre',45,3520,true),
    (383,'groudon',35,9500,true),
    (384,'rayquaza',70,2065,true),
    (385,'jirachi',3,11,true),
    (386,'deoxys-normal',17,608,true),
    (387,'turtwig',4,102,true),
    (388,'grotle',11,970,true),
    (389,'torterra',22,3100,true),
    (390,'chimchar',5,62,true),
    (391,'monferno',9,220,true),
    (392,'infernape',12,550,true),
    (393,'piplup',4,52,true),
    (394,'prinplup',8,230,true),
    (395,'empoleon',17,845,true),
    (396,'starly',3,20,true),
    (397,'staravia',6,155,true),
    (398,'staraptor',12,249,true),
    (399,'bidoof',5,200,true),
    (400,'bibarel',10,315,true),
    (401,'kricketot',3,22,true),
    (402,'kricketune',10,255,true),
    (403,'shinx',5,95,true),
    (404,'luxio',9,305,true),
    (405,'luxray',14,420,true),
    (406,'budew',2,12,true),
    (407,'roserade',9,145,true),
    (408,'cranidos',9,315,true),
    (409,'rampardos',16,1025,true),
    (410,'shieldon',5,570,true),
    (411,'bastiodon',13,1495,true),
    (412,'burmy',2,34,true),
    (413,'wormadam-plant',5,65,true),
    (414,'mothim',9,233,true),
    (415,'combee',3,55,true),
    (416,'vespiquen',12,385,true),
    (417,'pachirisu',4,39,true),
    (418,'buizel',7,295,true),
    (419,'floatzel',11,335,true),
    (420,'cherubi',4,33,true),
    (421,'cherrim',5,93,true),
    (422,'shellos',3,63,true),
    (423,'gastrodon',9,299,true),
    (424,'ambipom',12,203,true),
    (425,'drifloon',4,12,true),
    (426,'drifblim',12,150,true),
    (427,'buneary',4,55,true),
    (428,'lopunny',12,333,true),
    (429,'mismagius',9,44,true),
    (430,'honchkrow',9,273,true),
    (431,'glameow',5,39,true),
    (432,'purugly',10,438,true),
    (433,'chingling',2,6,true),
    (434,'stunky',4,192,true),
    (435,'skuntank',10,380,true),
    (436,'bronzor',5,605,true),
    (437,'bronzong',13,1870,true),
    (438,'bonsly',5,150,true),
    (439,'mime-jr',6,130,true),
    (440,'happiny',6,244,true),
    (441,'chatot',5,19,true),
    (442,'spiritomb',10,1080,true),
    (443,'gible',7,205,true),
    (444,'gabite',14,560,true),
    (445,'garchomp',19,950,true),
    (446,'munchlax',6,1050,true),
    (447,'riolu',7,202,true),
    (448,'lucario',12,540,true),
    (449,'hippopotas',8,495,true),
    (450,'hippowdon',20,3000,true),
    (451,'skorupi',8,120,true),
    (452,'drapion',13,615,true),
    (453,'croagunk',7,230,true),
    (454,'toxicroak',13,444,true),
    (455,'carnivine',14,270,true),
    (456,'finneon',4,70,true),
    (457,'lumineon',12,240,true),
    (458,'mantyke',10,650,true),
    (459,'snover',10,505,true),
    (460,'abomasnow',22,1355,true),
    (461,'weavile',11,340,true),
    (462,'magnezone',12,1800,true),
    (463,'lickilicky',17,1400,true),
    (464,'rhyperior',24,2828,true),
    (465,'tangrowth',20,1286,true),
    (466,'electivire',18,1386,true),
    (467,'magmortar',16,680,true),
    (468,'togekiss',15,380,true),
    (469,'yanmega',19,515,true),
    (470,'leafeon',10,255,true),
    (471,'glaceon',8,259,true),
    (472,'gliscor',20,425,true),
    (473,'mamoswine',25,2910,true),
    (474,'porygon-z',9,340,true),
    (475,'gallade',16,520,true),
    (476,'probopass',14,3400,true),
    (477,'dusknoir',22,1066,true),
    (478,'froslass',13,266,true),
    (479,'rotom',3,3,true),
    (480,'uxie',3,3,true),
    (481,'mesprit',3,3,true),
    (482,'azelf',3,3,true),
    (483,'dialga',54,6830,true),
    (484,'palkia',42,3360,true),
    (485,'heatran',17,4300,true),
    (486,'regigigas',37,4200,true),
    (487,'giratina-altered',45,7500,true),
    (488,'cresselia',15,856,true),
    (489,'phione',4,31,true),
    (490,'manaphy',3,14,true),
    (491,'darkrai',15,505,true),
    (492,'shaymin-land',2,21,true),
    (493,'arceus',32,3200,true),
    (494,'victini',4,40,true),
    (495,'snivy',6,81,true),
    (496,'servine',8,160,true),
    (497,'serperior',33,630,true),
    (498,'tepig',5,99,true),
    (499,'pignite',10,555,true),
    (500,'emboar',16,1500,true),
    (501,'oshawott',5,59,true),
    (502,'dewott',8,245,true),
    (503,'samurott',15,946,true),
    (504,'patrat',5,116,true),
    (505,'watchog',11,270,true),
    (506,'lillipup',4,41,true),
    (507,'herdier',9,147,true),
    (508,'stoutland',12,610,true),
    (509,'purrloin',4,101,true),
    (510,'liepard',11,375,true),
    (511,'pansage',6,105,true),
    (512,'simisage',11,305,true),
    (513,'pansear',6,110,true),
    (514,'simisear',10,280,true),
    (515,'panpour',6,135,true),
    (516,'simipour',10,290,true),
    (517,'munna',6,233,true),
    (518,'musharna',11,605,true),
    (519,'pidove',3,21,true),
    (520,'tranquill',6,150,true),
    (521,'unfezant',12,290,true),
    (522,'blitzle',8,298,true),
    (523,'zebstrika',16,795,true),
    (524,'roggenrola',4,180,true),
    (525,'boldore',9,1020,true),
    (526,'gigalith',17,2600,true),
    (527,'woobat',4,21,true),
    (528,'swoobat',9,105,true),
    (529,'drilbur',3,85,true),
    (530,'excadrill',7,404,true),
    (531,'audino',11,310,true),
    (532,'timburr',6,125,true),
    (533,'gurdurr',12,400,true),
    (534,'conkeldurr',14,870,true),
    (535,'tympole',5,45,true),
    (536,'palpitoad',8,170,true),
    (537,'seismitoad',15,620,true),
    (538,'throh',13,555,true),
    (539,'sawk',14,510,true),
    (540,'sewaddle',3,25,true),
    (541,'swadloon',5,73,true),
    (542,'leavanny',12,205,true),
    (543,'venipede',4,53,true),
    (544,'whirlipede',12,585,true),
    (545,'scolipede',25,2005,true),
    (546,'cottonee',3,6,true),
    (547,'whimsicott',7,66,true),
    (548,'petilil',5,66,true),
    (549,'lilligant',11,163,true),
    (550,'basculin-red-striped',10,180,true),
    (551,'sandile',7,152,true),
    (552,'krokorok',10,334,true),
    (553,'krookodile',15,963,true),
    (554,'darumaka',6,375,true),
    (555,'darmanitan-standard',13,929,true),
    (556,'maractus',10,280,true),
    (557,'dwebble',3,145,true),
    (558,'crustle',14,2000,true),
    (559,'scraggy',6,118,true),
    (560,'scrafty',11,300,true),
    (561,'sigilyph',14,140,true),
    (562,'yamask',5,15,true),
    (563,'cofagrigus',17,765,true),
    (564,'tirtouga',7,165,true),
    (565,'carracosta',12,810,true),
    (566,'archen',5,95,true),
    (567,'archeops',14,320,true),
    (568,'trubbish',6,310,true),
    (569,'garbodor',19,1073,true),
    (570,'zorua',7,125,true),
    (571,'zoroark',16,811,true),
    (572,'minccino',4,58,true),
    (573,'cinccino',5,75,true),
    (574,'gothita',4,58,true),
    (575,'gothorita',7,180,true),
    (576,'gothitelle',15,440,true),
    (577,'solosis',3,10,true),
    (578,'duosion',6,80,true),
    (579,'reuniclus',10,201,true),
    (580,'ducklett',5,55,true),
    (581,'swanna',13,242,true),
    (582,'vanillite',4,57,true),
    (583,'vanillish',11,410,true),
    (584,'vanilluxe',13,575,true),
    (585,'deerling',6,195,true),
    (586,'sawsbuck',19,925,true),
    (587,'emolga',4,50,true),
    (588,'karrablast',5,59,true),
    (589,'escavalier',10,330,true),
    (590,'foongus',2,10,true),
    (591,'amoonguss',6,105,true),
    (592,'frillish',12,330,true),
    (593,'jellicent',22,1350,true),
    (594,'alomomola',12,316,true),
    (595,'joltik',1,6,true),
    (596,'galvantula',8,143,true),
    (597,'ferroseed',6,188,true),
    (598,'ferrothorn',10,1100,true),
    (599,'klink',3,210,true),
    (600,'klang',6,510,true),
    (601,'klinklang',6,810,true),
    (602,'tynamo',2,3,true),
    (603,'eelektrik',12,220,true),
    (604,'eelektross',21,805,true),
    (605,'elgyem',5,90,true),
    (606,'beheeyem',10,345,true),
    (607,'litwick',3,31,true),
    (608,'lampent',6,130,true),
    (609,'chandelure',10,343,true),
    (610,'axew',6,180,true),
    (611,'fraxure',10,360,true),
    (612,'haxorus',18,1055,true),
    (613,'cubchoo',5,85,true),
    (614,'beartic',26,2600,true),
    (615,'cryogonal',11,1480,true),
    (616,'shelmet',4,77,true),
    (617,'accelgor',8,253,true),
    (618,'stunfisk',7,110,true),
    (619,'mienfoo',9,200,true),
    (620,'mienshao',14,355,true),
    (621,'druddigon',16,1390,true),
    (622,'golett',10,920,true),
    (623,'golurk',28,3300,true),
    (624,'pawniard',5,102,true),
    (625,'bisharp',16,700,true),
    (626,'bouffalant',16,946,true),
    (627,'rufflet',5,105,true),
    (628,'braviary',15,410,true),
    (629,'vullaby',5,90,true),
    (630,'mandibuzz',12,395,true),
    (631,'heatmor',14,580,true),
    (632,'durant',3,330,true),
    (633,'deino',8,173,true),
    (634,'zweilous',14,500,true),
    (635,'hydreigon',18,1600,true),
    (636,'larvesta',11,288,true),
    (637,'volcarona',16,460,true),
    (638,'cobalion',21,2500,true),
    (639,'terrakion',19,2600,true),
    (640,'virizion',20,2000,true),
    (641,'tornadus-incarnate',15,630,true),
    (642,'thundurus-incarnate',15,610,true),
    (643,'reshiram',32,3300,true),
    (644,'zekrom',29,3450,true),
    (645,'landorus-incarnate',15,680,true),
    (646,'kyurem',30,3250,true),
    (647,'keldeo-ordinary',14,485,true),
    (648,'meloetta-aria',6,65,true),
    (649,'genesect',15,825,true),
    (650,'chespin',4,90,true),
    (651,'quilladin',7,290,true),
    (652,'chesnaught',16,900,true),
    (653,'fennekin',4,94,true),
    (654,'braixen',10,145,true),
    (655,'delphox',15,390,true),
    (656,'froakie',3,70,true),
    (657,'frogadier',6,109,true),
    (658,'greninja',15,400,true),
    (659,'bunnelby',4,50,true),
    (660,'diggersby',10,424,true),
    (661,'fletchling',3,17,true),
    (662,'fletchinder',7,160,true),
    (663,'talonflame',12,245,true),
    (664,'scatterbug',3,25,true),
    (665,'spewpa',3,84,true),
    (666,'vivillon',12,170,true),
    (667,'litleo',6,135,true),
    (668,'pyroar',15,815,true),
    (669,'flabebe',1,1,true),
    (670,'floette',2,9,true),
    (671,'florges',11,100,true),
    (672,'skiddo',9,310,true),
    (673,'gogoat',17,910,true),
    (674,'pancham',6,80,true),
    (675,'pangoro',21,1360,true),
    (676,'furfrou',12,280,true),
    (677,'espurr',3,35,true),
    (678,'meowstic-male',6,85,true),
    (679,'honedge',8,20,true),
    (680,'doublade',8,45,true),
    (681,'aegislash-shield',17,530,true),
    (682,'spritzee',2,5,true),
    (683,'aromatisse',8,155,true),
    (684,'swirlix',4,35,true),
    (685,'slurpuff',8,50,true),
    (686,'inkay',4,35,true),
    (687,'malamar',15,470,true),
    (688,'binacle',5,310,true),
    (689,'barbaracle',13,960,true),
    (690,'skrelp',5,73,true),
    (691,'dragalge',18,815,true),
    (692,'clauncher',5,83,true),
    (693,'clawitzer',13,353,true),
    (694,'helioptile',5,60,true),
    (695,'heliolisk',10,210,true),
    (696,'tyrunt',8,260,true),
    (697,'tyrantrum',25,2700,true),
    (698,'amaura',13,252,true),
    (699,'aurorus',27,2250,true),
    (700,'sylveon',10,235,true),
    (701,'hawlucha',8,215,true),
    (702,'dedenne',2,22,true),
    (703,'carbink',3,57,true),
    (704,'goomy',3,28,true),
    (705,'sliggoo',8,175,true),
    (706,'goodra',20,1505,true),
    (707,'klefki',2,30,true),
    (708,'phantump',4,70,true),
    (709,'trevenant',15,710,true),
    (710,'pumpkaboo-average',4,50,true),
    (711,'gourgeist-average',9,125,true),
    (712,'bergmite',10,995,true),
    (713,'avalugg',20,5050,true),
    (714,'noibat',5,80,true),
    (715,'noivern',15,850,true),
    (716,'xerneas',30,2150,true),
    (717,'yveltal',58,2030,true),
    (718,'zygarde',50,3050,true),
    (719,'diancie',7,88,true),
    (720,'hoopa',5,90,true),
    (721,'volcanion',17,1950,true),
    (722,'rowlet',3,15,true),
    (723,'dartrix',7,160,true),
    (724,'decidueye',16,366,true),
    (725,'litten',4,43,true),
    (726,'torracat',7,250,true),
    (727,'incineroar',18,830,true),
    (728,'popplio',4,75,true),
    (729,'brionne',6,175,true),
    (730,'primarina',18,440,true),
    (731,'pikipek',3,12,true),
    (732,'trumbeak',6,148,true),
    (733,'toucannon',11,260,true),
    (734,'yungoos',4,60,true),
    (735,'gumshoos',7,142,true),
    (736,'grubbin',4,44,true),
    (737,'charjabug',5,105,true),
    (738,'vikavolt',15,450,true),
    (739,'crabrawler',6,70,true),
    (740,'crabominable',17,1800,true),
    (741,'oricorio-baile',6,34,true),
    (742,'cutiefly',1,2,true),
    (743,'ribombee',2,5,true),
    (744,'rockruff',5,92,true),
    (745,'lycanroc-midday',8,250,true),
    (746,'wishiwashi-solo',2,3,true),
    (747,'mareanie',4,80,true),
    (748,'toxapex',7,145,true),
    (749,'mudbray',10,1100,true),
    (750,'mudsdale',25,9200,true),
    (751,'dewpider',3,40,true),
    (752,'araquanid',18,820,true),
    (753,'fomantis',3,15,true),
    (754,'lurantis',9,185,true),
    (755,'morelull',2,15,true),
    (756,'shiinotic',10,115,true),
    (757,'salandit',6,48,true),
    (758,'salazzle',12,222,true),
    (759,'stufful',5,68,true),
    (760,'bewear',21,1350,true),
    (761,'bounsweet',3,32,true),
    (762,'steenee',7,82,true),
    (763,'tsareena',12,214,true),
    (764,'comfey',1,3,true),
    (765,'oranguru',15,760,true),
    (766,'passimian',20,828,true),
    (767,'wimpod',5,120,true),
    (768,'golisopod',20,1080,true),
    (769,'sandygast',5,700,true),
    (770,'palossand',13,2500,true),
    (771,'pyukumuku',3,12,true),
    (772,'type-null',19,1205,true),
    (773,'silvally',23,1005,true),
    (774,'minior-red-meteor',3,400,true),
    (775,'komala',4,199,true),
    (776,'turtonator',20,2120,true),
    (777,'togedemaru',3,33,true),
    (778,'mimikyu-disguised',2,7,true),
    (779,'bruxish',9,190,true),
    (780,'drampa',30,1850,true),
    (781,'dhelmise',39,2100,true),
    (782,'jangmo-o',6,297,true),
    (783,'hakamo-o',12,470,true),
    (784,'kommo-o',16,782,true),
    (785,'tapu-koko',18,205,true),
    (786,'tapu-lele',12,186,true),
    (787,'tapu-bulu',19,455,true),
    (788,'tapu-fini',13,212,true),
    (789,'cosmog',2,1,true),
    (790,'cosmoem',1,9999,true),
    (791,'solgaleo',34,2300,true),
    (792,'lunala',40,1200,true),
    (793,'nihilego',12,555,true),
    (794,'buzzwole',24,3336,true),
    (795,'pheromosa',18,250,true),
    (796,'xurkitree',38,1000,true),
    (797,'celesteela',92,9999,true),
    (798,'kartana',3,1,true),
    (799,'guzzlord',55,8880,true),
    (800,'necrozma',24,2300,true),
    (801,'magearna',10,805,true),
    (802,'marshadow',7,222,true),
    (803,'poipole',6,18,true),
    (804,'naganadel',36,1500,true),
    (805,'stakataka',55,8200,true),
    (806,'blacephalon',18,130,true),
    (807,'zeraora',15,445,true),
    (10001,'deoxys-attack',17,608,false),
    (10002,'deoxys-defense',17,608,false),
    (10003,'deoxys-speed',17,608,false),
    (10004,'wormadam-sandy',5,65,false),
    (10005,'wormadam-trash',5,65,false),
    (10006,'shaymin-sky',4,52,false),
    (10007,'giratina-origin',69,6500,false),
    (10008,'rotom-heat',3,3,false),
    (10009,'rotom-wash',3,3,false),
    (10010,'rotom-frost',3,3,false),
    (10011,'rotom-fan',3,3,false),
    (10012,'rotom-mow',3,3,false),
    (10013,'castform-sunny',3,8,false),
    (10014,'castform-rainy',3,8,false),
    (10015,'castform-snowy',3,8,false),
    (10016,'basculin-blue-striped',10,180,false),
    (10017,'darmanitan-zen',13,929,false),
    (10018,'meloetta-pirouette',6,65,false),
    (10019,'tornadus-therian',14,630,false),
    (10020,'thundurus-therian',30,610,false),
    (10021,'landorus-therian',13,680,false),
    (10022,'kyurem-black',33,3250,false),
    (10023,'kyurem-white',36,3250,false),
    (10024,'keldeo-resolute',14,485,false),
    (10025,'meowstic-female',6,85,false),
    (10026,'aegislash-blade',17,530,false),
    (10027,'pumpkaboo-small',3,35,false),
    (10028,'pumpkaboo-large',5,75,false),
    (10029,'pumpkaboo-super',8,150,false),
    (10030,'gourgeist-small',7,95,false),
    (10031,'gourgeist-large',11,140,false),
    (10032,'gourgeist-super',17,390,false),
    (10033,'venusaur-mega',24,1555,false),
    (10034,'charizard-mega-x',17,1105,false),
    (10035,'charizard-mega-y',17,1005,false),
    (10036,'blastoise-mega',16,1011,false),
    (10037,'alakazam-mega',12,480,false),
    (10038,'gengar-mega',14,405,false),
    (10039,'kangaskhan-mega',22,1000,false),
    (10040,'pinsir-mega',17,590,false),
    (10041,'gyarados-mega',65,3050,false),
    (10042,'aerodactyl-mega',21,790,false),
    (10043,'mewtwo-mega-x',23,1270,false),
    (10044,'mewtwo-mega-y',15,330,false),
    (10045,'ampharos-mega',14,615,false),
    (10046,'scizor-mega',20,1250,false),
    (10047,'heracross-mega',17,625,false),
    (10048,'houndoom-mega',19,495,false),
    (10049,'tyranitar-mega',25,2550,false),
    (10050,'blaziken-mega',19,520,false),
    (10051,'gardevoir-mega',16,484,false),
    (10052,'mawile-mega',10,235,false),
    (10053,'aggron-mega',22,3950,false),
    (10054,'medicham-mega',13,315,false),
    (10055,'manectric-mega',18,440,false),
    (10056,'banette-mega',12,130,false),
    (10057,'absol-mega',12,490,false),
    (10058,'garchomp-mega',19,950,false),
    (10059,'lucario-mega',13,575,false),
    (10060,'abomasnow-mega',27,1850,false),
    (10061,'floette-eternal',2,9,false),
    (10062,'latias-mega',18,520,false),
    (10063,'latios-mega',23,700,false),
    (10064,'swampert-mega',19,1020,false),
    (10065,'sceptile-mega',19,552,false),
    (10066,'sableye-mega',5,1610,false),
    (10067,'altaria-mega',15,206,false),
    (10068,'gallade-mega',16,564,false),
    (10069,'audino-mega',15,320,false),
    (10070,'sharpedo-mega',25,1303,false),
    (10071,'slowbro-mega',20,1200,false),
    (10072,'steelix-mega',105,7400,false),
    (10073,'pidgeot-mega',22,505,false),
    (10074,'glalie-mega',21,3502,false),
    (10075,'diancie-mega',11,278,false),
    (10076,'metagross-mega',25,9429,false),
    (10077,'kyogre-primal',98,4300,false),
    (10078,'groudon-primal',50,9997,false),
    (10079,'rayquaza-mega',108,3920,false),
    (10080,'pikachu-rock-star',4,60,false),
    (10081,'pikachu-belle',4,60,false),
    (10082,'pikachu-pop-star',4,60,false),
    (10083,'pikachu-phd',4,60,false),
    (10084,'pikachu-libre',4,60,false),
    (10085,'pikachu-cosplay',4,60,false),
    (10086,'hoopa-unbound',65,4900,false),
    (10087,'camerupt-mega',25,3205,false),
    (10088,'lopunny-mega',13,283,false),
    (10089,'salamence-mega',18,1126,false),
    (10090,'beedrill-mega',14,405,false),
    (10091,'rattata-alola',3,38,false),
    (10092,'raticate-alola',7,255,false),
    (10093,'raticate-totem-alola',14,1050,false),
    (10094,'pikachu-original-cap',4,60,false),
    (10095,'pikachu-hoenn-cap',4,60,false),
    (10096,'pikachu-sinnoh-cap',4,60,false),
    (10097,'pikachu-unova-cap',4,60,false),
    (10098,'pikachu-kalos-cap',4,60,false),
    (10099,'pikachu-alola-cap',4,60,false),
    (10100,'raichu-alola',7,210,false),
    (10101,'sandshrew-alola',7,400,false),
    (10102,'sandslash-alola',12,550,false),
    (10103,'vulpix-alola',6,99,false),
    (10104,'ninetales-alola',11,199,false),
    (10105,'diglett-alola',2,10,false),
    (10106,'dugtrio-alola',7,666,false),
    (10107,'meowth-alola',4,42,false),
    (10108,'persian-alola',11,330,false),
    (10109,'geodude-alola',4,203,false),
    (10110,'graveler-alola',10,1100,false),
    (10111,'golem-alola',17,3160,false),
    (10112,'grimer-alola',7,420,false),
    (10113,'muk-alola',10,520,false),
    (10114,'exeggutor-alola',109,4156,false),
    (10115,'marowak-alola',10,340,false),
    (10116,'greninja-battle-bond',15,400,false),
    (10117,'greninja-ash',15,400,false),
    (10118,'zygarde-10',12,335,false),
    (10119,'zygarde-50',50,3050,false),
    (10120,'zygarde-complete',45,6100,false),
    (10121,'gumshoos-totem',14,600,false),
    (10122,'vikavolt-totem',26,1475,false),
    (10123,'oricorio-pom-pom',6,34,false),
    (10124,'oricorio-pau',6,34,false),
    (10125,'oricorio-sensu',6,34,false),
    (10126,'lycanroc-midnight',11,250,false),
    (10127,'wishiwashi-school',82,786,false),
    (10128,'lurantis-totem',15,580,false),
    (10129,'salazzle-totem',21,810,false),
    (10130,'minior-orange-meteor',3,400,false),
    (10131,'minior-yellow-meteor',3,400,false),
    (10132,'minior-green-meteor',3,400,false),
    (10133,'minior-blue-meteor',3,400,false),
    (10134,'minior-indigo-meteor',3,400,false),
    (10135,'minior-violet-meteor',3,400,false),
    (10136,'minior-red',3,3,false),
    (10137,'minior-orange',3,3,false),
    (10138,'minior-yellow',3,3,false),
    (10139,'minior-green',3,3,false),
    (10140,'minior-blue',3,3,false),
    (10141,'minior-indigo',3,3,false),
    (10142,'minior-violet',3,3,false),
    (10143,'mimikyu-busted',2,7,false),
    (10144,'mimikyu-totem-disguised',4,28,false),
    (10145,'mimikyu-totem-busted',4,28,false),
    (10146,'kommo-o-totem',24,2075,false),
    (10147,'magearna-original',10,805,false),
    (10148,'pikachu-partner-cap',4,60,false),
    (10149,'marowak-totem',17,980,false),
    (10150,'ribombee-totem',4,20,false),
    (10151,'rockruff-own-tempo',5,92,false),
    (10152,'lycanroc-dusk',8,250,false),
    (10153,'araquanid-totem',31,2175,false),
    (10154,'togedemaru-totem',6,130,false),
    (10155,'necrozma-dusk',38,4600,false),
    (10156,'necrozma-dawn',42,3500,false),
    (10157,'necrozma-ultra',75,2300,false);

insert into stats (stat_id, name, is_battle_only) values
    (1, 'hp', false),
    (2, 'attack', false),
    (3, 'defense', false),
    (4, 'special-attack', false),
    (5, 'special-defense', false),
    (6, 'speed', false),
    (7, 'accuracy', true),
    (8, 'evasion', true);

insert into pokemon_stats (pokemon_id, stat_id, base_stat) values
    (1,1,45),
    (1,2,49),
    (1,3,49),
    (1,4,65),
    (1,5,65),
    (1,6,45),
    (2,1,60),
    (2,2,62),
    (2,3,63),
    (2,4,80),
    (2,5,80),
    (2,6,60),
    (3,1,80),
    (3,2,82),
    (3,3,83),
    (3,4,100),
    (3,5,100),
    (3,6,80),
    (4,1,39),
    (4,2,52),
    (4,3,43),
    (4,4,60),
    (4,5,50),
    (4,6,65),
    (5,1,58),
    (5,2,64),
    (5,3,58),
    (5,4,80),
    (5,5,65),
    (5,6,80),
    (6,1,78),
    (6,2,84),
    (6,3,78),
    (6,4,109),
    (6,5,85),
    (6,6,100),
    (7,1,44),
    (7,2,48),
    (7,3,65),
    (7,4,50),
    (7,5,64),
    (7,6,43),
    (8,1,59),
    (8,2,63),
    (8,3,80),
    (8,4,65),
    (8,5,80),
    (8,6,58),
    (9,1,79),
    (9,2,83),
    (9,3,100),
    (9,4,85),
    (9,5,105),
    (9,6,78),
    (10,1,45),
    (10,2,30),
    (10,3,35),
    (10,4,20),
    (10,5,20),
    (10,6,45),
    (11,1,50),
    (11,2,20),
    (11,3,55),
    (11,4,25),
    (11,5,25),
    (11,6,30),
    (12,1,60),
    (12,2,45),
    (12,3,50),
    (12,4,90),
    (12,5,80),
    (12,6,70),
    (13,1,40),
    (13,2,35),
    (13,3,30),
    (13,4,20),
    (13,5,20),
    (13,6,50),
    (14,1,45),
    (14,2,25),
    (14,3,50),
    (14,4,25),
    (14,5,25),
    (14,6,35),
    (15,1,65),
    (15,2,90),
    (15,3,40),
    (15,4,45),
    (15,5,80),
    (15,6,75),
    (16,1,40),
    (16,2,45),
    (16,3,40),
    (16,4,35),
    (16,5,35),
    (16,6,56),
    (17,1,63),
    (17,2,60),
    (17,3,55),
    (17,4,50),
    (17,5,50),
    (17,6,71),
    (18,1,83),
    (18,2,80),
    (18,3,75),
    (18,4,70),
    (18,5,70),
    (18,6,101),
    (19,1,30),
    (19,2,56),
    (19,3,35),
    (19,4,25),
    (19,5,35),
    (19,6,72),
    (20,1,55),
    (20,2,81),
    (20,3,60),
    (20,4,50),
    (20,5,70),
    (20,6,97),
    (21,1,40),
    (21,2,60),
    (21,3,30),
    (21,4,31),
    (21,5,31),
    (21,6,70),
    (22,1,65),
    (22,2,90),
    (22,3,65),
    (22,4,61),
    (22,5,61),
    (22,6,100),
    (23,1,35),
    (23,2,60),
    (23,3,44),
    (23,4,40),
    (23,5,54),
    (23,6,55),
    (24,1,60),
    (24,2,95),
    (24,3,69),
    (24,4,65),
    (24,5,79),
    (24,6,80),
    (25,1,35),
    (25,2,55),
    (25,3,40),
    (25,4,50),
    (25,5,50),
    (25,6,90),
    (26,1,60),
    (26,2,90),
    (26,3,55),
    (26,4,90),
    (26,5,80),
    (26,6,110),
    (27,1,50),
    (27,2,75),
    (27,3,85),
    (27,4,20),
    (27,5,30),
    (27,6,40),
    (28,1,75),
    (28,2,100),
    (28,3,110),
    (28,4,45),
    (28,5,55),
    (28,6,65),
    (29,1,55),
    (29,2,47),
    (29,3,52),
    (29,4,40),
    (29,5,40),
    (29,6,41),
    (30,1,70),
    (30,2,62),
    (30,3,67),
    (30,4,55),
    (30,5,55),
    (30,6,56),
    (31,1,90),
    (31,2,92),
    (31,3,87),
    (31,4,75),
    (31,5,85),
    (31,6,76),
    (32,1,46),
    (32,2,57),
    (32,3,40),
    (32,4,40),
    (32,5,40),
    (32,6,50),
    (33,1,61),
    (33,2,72),
    (33,3,57),
    (33,4,55),
    (33,5,55),
    (33,6,65),
    (34,1,81),
    (34,2,102),
    (34,3,77),
    (34,4,85),
    (34,5,75),
    (34,6,85),
    (35,1,70),
    (35,2,45),
    (35,3,48),
    (35,4,60),
    (35,5,65),
    (35,6,35),
    (36,1,95),
    (36,2,70),
    (36,3,73),
    (36,4,95),
    (36,5,90),
    (36,6,60),
    (37,1,38),
    (37,2,41),
    (37,3,40),
    (37,4,50),
    (37,5,65),
    (37,6,65),
    (38,1,73),
    (38,2,76),
    (38,3,75),
    (38,4,81),
    (38,5,100),
    (38,6,100),
    (39,1,115),
    (39,2,45),
    (39,3,20),
    (39,4,45),
    (39,5,25),
    (39,6,20),
    (40,1,140),
    (40,2,70),
    (40,3,45),
    (40,4,85),
    (40,5,50),
    (40,6,45),
    (41,1,40),
    (41,2,45),
    (41,3,35),
    (41,4,30),
    (41,5,40),
    (41,6,55),
    (42,1,75),
    (42,2,80),
    (42,3,70),
    (42,4,65),
    (42,5,75),
    (42,6,90),
    (43,1,45),
    (43,2,50),
    (43,3,55),
    (43,4,75),
    (43,5,65),
    (43,6,30),
    (44,1,60),
    (44,2,65),
    (44,3,70),
    (44,4,85),
    (44,5,75),
    (44,6,40),
    (45,1,75),
    (45,2,80),
    (45,3,85),
    (45,4,110),
    (45,5,90),
    (45,6,50),
    (46,1,35),
    (46,2,70),
    (46,3,55),
    (46,4,45),
    (46,5,55),
    (46,6,25),
    (47,1,60),
    (47,2,95),
    (47,3,80),
    (47,4,60),
    (47,5,80),
    (47,6,30),
    (48,1,60),
    (48,2,55),
    (48,3,50),
    (48,4,40),
    (48,5,55),
    (48,6,45),
    (49,1,70),
    (49,2,65),
    (49,3,60),
    (49,4,90),
    (49,5,75),
    (49,6,90),
    (50,1,10),
    (50,2,55),
    (50,3,25),
    (50,4,35),
    (50,5,45),
    (50,6,95),
    (51,1,35),
    (51,2,100),
    (51,3,50),
    (51,4,50),
    (51,5,70),
    (51,6,120),
    (52,1,40),
    (52,2,45),
    (52,3,35),
    (52,4,40),
    (52,5,40),
    (52,6,90),
    (53,1,65),
    (53,2,70),
    (53,3,60),
    (53,4,65),
    (53,5,65),
    (53,6,115),
    (54,1,50),
    (54,2,52),
    (54,3,48),
    (54,4,65),
    (54,5,50),
    (54,6,55),
    (55,1,80),
    (55,2,82),
    (55,3,78),
    (55,4,95),
    (55,5,80),
    (55,6,85),
    (56,1,40),
    (56,2,80),
    (56,3,35),
    (56,4,35),
    (56,5,45),
    (56,6,70),
    (57,1,65),
    (57,2,105),
    (57,3,60),
    (57,4,60),
    (57,5,70),
    (57,6,95),
    (58,1,55),
    (58,2,70),
    (58,3,45),
    (58,4,70),
    (58,5,50),
    (58,6,60),
    (59,1,90),
    (59,2,110),
    (59,3,80),
    (59,4,100),
    (59,5,80),
    (59,6,95),
    (60,1,40),
    (60,2,50),
    (60,3,40),
    (60,4,40),
    (60,5,40),
    (60,6,90),
    (61,1,65),
    (61,2,65),
    (61,3,65),
    (61,4,50),
    (61,5,50),
    (61,6,90),
    (62,1,90),
    (62,2,95),
    (62,3,95),
    (62,4,70),
    (62,5,90),
    (62,6,70),
    (63,1,25),
    (63,2,20),
    (63,3,15),
    (63,4,105),
    (63,5,55),
    (63,6,90),
    (64,1,40),
    (64,2,35),
    (64,3,30),
    (64,4,120),
    (64,5,70),
    (64,6,105),
    (65,1,55),
    (65,2,50),
    (65,3,45),
    (65,4,135),
    (65,5,95),
    (65,6,120),
    (66,1,70),
    (66,2,80),
    (66,3,50),
    (66,4,35),
    (66,5,35),
    (66,6,35),
    (67,1,80),
    (67,2,100),
    (67,3,70),
    (67,4,50),
    (67,5,60),
    (67,6,45),
    (68,1,90),
    (68,2,130),
    (68,3,80),
    (68,4,65),
    (68,5,85),
    (68,6,55),
    (69,1,50),
    (69,2,75),
    (69,3,35),
    (69,4,70),
    (69,5,30),
    (69,6,40),
    (70,1,65),
    (70,2,90),
    (70,3,50),
    (70,4,85),
    (70,5,45),
    (70,6,55),
    (71,1,80),
    (71,2,105),
    (71,3,65),
    (71,4,100),
    (71,5,70),
    (71,6,70),
    (72,1,40),
    (72,2,40),
    (72,3,35),
    (72,4,50),
    (72,5,100),
    (72,6,70),
    (73,1,80),
    (73,2,70),
    (73,3,65),
    (73,4,80),
    (73,5,120),
    (73,6,100),
    (74,1,40),
    (74,2,80),
    (74,3,100),
    (74,4,30),
    (74,5,30),
    (74,6,20),
    (75,1,55),
    (75,2,95),
    (75,3,115),
    (75,4,45),
    (75,5,45),
    (75,6,35),
    (76,1,80),
    (76,2,120),
    (76,3,130),
    (76,4,55),
    (76,5,65),
    (76,6,45),
    (77,1,50),
    (77,2,85),
    (77,3,55),
    (77,4,65),
    (77,5,65),
    (77,6,90),
    (78,1,65),
    (78,2,100),
    (78,3,70),
    (78,4,80),
    (78,5,80),
    (78,6,105),
    (79,1,90),
    (79,2,65),
    (79,3,65),
    (79,4,40),
    (79,5,40),
    (79,6,15),
    (80,1,95),
    (80,2,75),
    (80,3,110),
    (80,4,100),
    (80,5,80),
    (80,6,30),
    (81,1,25),
    (81,2,35),
    (81,3,70),
    (81,4,95),
    (81,5,55),
    (81,6,45),
    (82,1,50),
    (82,2,60),
    (82,3,95),
    (82,4,120),
    (82,5,70),
    (82,6,70),
    (83,1,52),
    (83,2,90),
    (83,3,55),
    (83,4,58),
    (83,5,62),
    (83,6,60),
    (84,1,35),
    (84,2,85),
    (84,3,45),
    (84,4,35),
    (84,5,35),
    (84,6,75),
    (85,1,60),
    (85,2,110),
    (85,3,70),
    (85,4,60),
    (85,5,60),
    (85,6,110),
    (86,1,65),
    (86,2,45),
    (86,3,55),
    (86,4,45),
    (86,5,70),
    (86,6,45),
    (87,1,90),
    (87,2,70),
    (87,3,80),
    (87,4,70),
    (87,5,95),
    (87,6,70),
    (88,1,80),
    (88,2,80),
    (88,3,50),
    (88,4,40),
    (88,5,50),
    (88,6,25),
    (89,1,105),
    (89,2,105),
    (89,3,75),
    (89,4,65),
    (89,5,100),
    (89,6,50),
    (90,1,30),
    (90,2,65),
    (90,3,100),
    (90,4,45),
    (90,5,25),
    (90,6,40),
    (91,1,50),
    (91,2,95),
    (91,3,180),
    (91,4,85),
    (91,5,45),
    (91,6,70),
    (92,1,30),
    (92,2,35),
    (92,3,30),
    (92,4,100),
    (92,5,35),
    (92,6,80),
    (93,1,45),
    (93,2,50),
    (93,3,45),
    (93,4,115),
    (93,5,55),
    (93,6,95),
    (94,1,60),
    (94,2,65),
    (94,3,60),
    (94,4,130),
    (94,5,75),
    (94,6,110),
    (95,1,35),
    (95,2,45),
    (95,3,160),
    (95,4,30),
    (95,5,45),
    (95,6,70),
    (96,1,60),
    (96,2,48),
    (96,3,45),
    (96,4,43),
    (96,5,90),
    (96,6,42),
    (97,1,85),
    (97,2,73),
    (97,3,70),
    (97,4,73),
    (97,5,115),
    (97,6,67),
    (98,1,30),
    (98,2,105),
    (98,3,90),
    (98,4,25),
    (98,5,25),
    (98,6,50),
    (99,1,55),
    (99,2,130),
    (99,3,115),
    (99,4,50),
    (99,5,50),
    (99,6,75),
    (100,1,40),
    (100,2,30),
    (100,3,50),
    (100,4,55),
    (100,5,55),
    (100,6,100),
    (101,1,60),
    (101,2,50),
    (101,3,70),
    (101,4,80),
    (101,5,80),
    (101,6,150),
    (102,1,60),
    (102,2,40),
    (102,3,80),
    (102,4,60),
    (102,5,45),
    (102,6,40),
    (103,1,95),
    (103,2,95),
    (103,3,85),
    (103,4,125),
    (103,5,75),
    (103,6,55),
    (104,1,50),
    (104,2,50),
    (104,3,95),
    (104,4,40),
    (104,5,50),
    (104,6,35),
    (105,1,60),
    (105,2,80),
    (105,3,110),
    (105,4,50),
    (105,5,80),
    (105,6,45),
    (106,1,50),
    (106,2,120),
    (106,3,53),
    (106,4,35),
    (106,5,110),
    (106,6,87),
    (107,1,50),
    (107,2,105),
    (107,3,79),
    (107,4,35),
    (107,5,110),
    (107,6,76),
    (108,1,90),
    (108,2,55),
    (108,3,75),
    (108,4,60),
    (108,5,75),
    (108,6,30),
    (109,1,40),
    (109,2,65),
    (109,3,95),
    (109,4,60),
    (109,5,45),
    (109,6,35),
    (110,1,65),
    (110,2,90),
    (110,3,120),
    (110,4,85),
    (110,5,70),
    (110,6,60),
    (111,1,80),
    (111,2,85),
    (111,3,95),
    (111,4,30),
    (111,5,30),
    (111,6,25),
    (112,1,105),
    (112,2,130),
    (112,3,120),
    (112,4,45),
    (112,5,45),
    (112,6,40),
    (113,1,250),
    (113,2,5),
    (113,3,5),
    (113,4,35),
    (113,5,105),
    (113,6,50),
    (114,1,65),
    (114,2,55),
    (114,3,115),
    (114,4,100),
    (114,5,40),
    (114,6,60),
    (115,1,105),
    (115,2,95),
    (115,3,80),
    (115,4,40),
    (115,5,80),
    (115,6,90),
    (116,1,30),
    (116,2,40),
    (116,3,70),
    (116,4,70),
    (116,5,25),
    (116,6,60),
    (117,1,55),
    (117,2,65),
    (117,3,95),
    (117,4,95),
    (117,5,45),
    (117,6,85),
    (118,1,45),
    (118,2,67),
    (118,3,60),
    (118,4,35),
    (118,5,50),
    (118,6,63),
    (119,1,80),
    (119,2,92),
    (119,3,65),
    (119,4,65),
    (119,5,80),
    (119,6,68),
    (120,1,30),
    (120,2,45),
    (120,3,55),
    (120,4,70),
    (120,5,55),
    (120,6,85),
    (121,1,60),
    (121,2,75),
    (121,3,85),
    (121,4,100),
    (121,5,85),
    (121,6,115),
    (122,1,40),
    (122,2,45),
    (122,3,65),
    (122,4,100),
    (122,5,120),
    (122,6,90),
    (123,1,70),
    (123,2,110),
    (123,3,80),
    (123,4,55),
    (123,5,80),
    (123,6,105),
    (124,1,65),
    (124,2,50),
    (124,3,35),
    (124,4,115),
    (124,5,95),
    (124,6,95),
    (125,1,65),
    (125,2,83),
    (125,3,57),
    (125,4,95),
    (125,5,85),
    (125,6,105),
    (126,1,65),
    (126,2,95),
    (126,3,57),
    (126,4,100),
    (126,5,85),
    (126,6,93),
    (127,1,65),
    (127,2,125),
    (127,3,100),
    (127,4,55),
    (127,5,70),
    (127,6,85),
    (128,1,75),
    (128,2,100),
    (128,3,95),
    (128,4,40),
    (128,5,70),
    (128,6,110),
    (129,1,20),
    (129,2,10),
    (129,3,55),
    (129,4,15),
    (129,5,20),
    (129,6,80),
    (130,1,95),
    (130,2,125),
    (130,3,79),
    (130,4,60),
    (130,5,100),
    (130,6,81),
    (131,1,130),
    (131,2,85),
    (131,3,80),
    (131,4,85),
    (131,5,95),
    (131,6,60),
    (132,1,48),
    (132,2,48),
    (132,3,48),
    (132,4,48),
    (132,5,48),
    (132,6,48),
    (133,1,55),
    (133,2,55),
    (133,3,50),
    (133,4,45),
    (133,5,65),
    (133,6,55),
    (134,1,130),
    (134,2,65),
    (134,3,60),
    (134,4,110),
    (134,5,95),
    (134,6,65),
    (135,1,65),
    (135,2,65),
    (135,3,60),
    (135,4,110),
    (135,5,95),
    (135,6,130),
    (136,1,65),
    (136,2,130),
    (136,3,60),
    (136,4,95),
    (136,5,110),
    (136,6,65),
    (137,1,65),
    (137,2,60),
    (137,3,70),
    (137,4,85),
    (137,5,75),
    (137,6,40),
    (138,1,35),
    (138,2,40),
    (138,3,100),
    (138,4,90),
    (138,5,55),
    (138,6,35),
    (139,1,70),
    (139,2,60),
    (139,3,125),
    (139,4,115),
    (139,5,70),
    (139,6,55),
    (140,1,30),
    (140,2,80),
    (140,3,90),
    (140,4,55),
    (140,5,45),
    (140,6,55),
    (141,1,60),
    (141,2,115),
    (141,3,105),
    (141,4,65),
    (141,5,70),
    (141,6,80),
    (142,1,80),
    (142,2,105),
    (142,3,65),
    (142,4,60),
    (142,5,75),
    (142,6,130),
    (143,1,160),
    (143,2,110),
    (143,3,65),
    (143,4,65),
    (143,5,110),
    (143,6,30),
    (144,1,90),
    (144,2,85),
    (144,3,100),
    (144,4,95),
    (144,5,125),
    (144,6,85),
    (145,1,90),
    (145,2,90),
    (145,3,85),
    (145,4,125),
    (145,5,90),
    (145,6,100),
    (146,1,90),
    (146,2,100),
    (146,3,90),
    (146,4,125),
    (146,5,85),
    (146,6,90),
    (147,1,41),
    (147,2,64),
    (147,3,45),
    (147,4,50),
    (147,5,50),
    (147,6,50),
    (148,1,61),
    (148,2,84),
    (148,3,65),
    (148,4,70),
    (148,5,70),
    (148,6,70),
    (149,1,91),
    (149,2,134),
    (149,3,95),
    (149,4,100),
    (149,5,100),
    (149,6,80),
    (150,1,106),
    (150,2,110),
    (150,3,90),
    (150,4,154),
    (150,5,90),
    (150,6,130),
    (151,1,100),
    (151,2,100),
    (151,3,100),
    (151,4,100),
    (151,5,100),
    (151,6,100),
    (152,1,45),
    (152,2,49),
    (152,3,65),
    (152,4,49),
    (152,5,65),
    (152,6,45),
    (153,1,60),
    (153,2,62),
    (153,3,80),
    (153,4,63),
    (153,5,80),
    (153,6,60),
    (154,1,80),
    (154,2,82),
    (154,3,100),
    (154,4,83),
    (154,5,100),
    (154,6,80),
    (155,1,39),
    (155,2,52),
    (155,3,43),
    (155,4,60),
    (155,5,50),
    (155,6,65),
    (156,1,58),
    (156,2,64),
    (156,3,58),
    (156,4,80),
    (156,5,65),
    (156,6,80),
    (157,1,78),
    (157,2,84),
    (157,3,78),
    (157,4,109),
    (157,5,85),
    (157,6,100),
    (158,1,50),
    (158,2,65),
    (158,3,64),
    (158,4,44),
    (158,5,48),
    (158,6,43),
    (159,1,65),
    (159,2,80),
    (159,3,80),
    (159,4,59),
    (159,5,63),
    (159,6,58),
    (160,1,85),
    (160,2,105),
    (160,3,100),
    (160,4,79),
    (160,5,83),
    (160,6,78),
    (161,1,35),
    (161,2,46),
    (161,3,34),
    (161,4,35),
    (161,5,45),
    (161,6,20),
    (162,1,85),
    (162,2,76),
    (162,3,64),
    (162,4,45),
    (162,5,55),
    (162,6,90),
    (163,1,60),
    (163,2,30),
    (163,3,30),
    (163,4,36),
    (163,5,56),
    (163,6,50),
    (164,1,100),
    (164,2,50),
    (164,3,50),
    (164,4,86),
    (164,5,96),
    (164,6,70),
    (165,1,40),
    (165,2,20),
    (165,3,30),
    (165,4,40),
    (165,5,80),
    (165,6,55),
    (166,1,55),
    (166,2,35),
    (166,3,50),
    (166,4,55),
    (166,5,110),
    (166,6,85),
    (167,1,40),
    (167,2,60),
    (167,3,40),
    (167,4,40),
    (167,5,40),
    (167,6,30),
    (168,1,70),
    (168,2,90),
    (168,3,70),
    (168,4,60),
    (168,5,70),
    (168,6,40),
    (169,1,85),
    (169,2,90),
    (169,3,80),
    (169,4,70),
    (169,5,80),
    (169,6,130),
    (170,1,75),
    (170,2,38),
    (170,3,38),
    (170,4,56),
    (170,5,56),
    (170,6,67),
    (171,1,125),
    (171,2,58),
    (171,3,58),
    (171,4,76),
    (171,5,76),
    (171,6,67),
    (172,1,20),
    (172,2,40),
    (172,3,15),
    (172,4,35),
    (172,5,35),
    (172,6,60),
    (173,1,50),
    (173,2,25),
    (173,3,28),
    (173,4,45),
    (173,5,55),
    (173,6,15),
    (174,1,90),
    (174,2,30),
    (174,3,15),
    (174,4,40),
    (174,5,20),
    (174,6,15),
    (175,1,35),
    (175,2,20),
    (175,3,65),
    (175,4,40),
    (175,5,65),
    (175,6,20),
    (176,1,55),
    (176,2,40),
    (176,3,85),
    (176,4,80),
    (176,5,105),
    (176,6,40),
    (177,1,40),
    (177,2,50),
    (177,3,45),
    (177,4,70),
    (177,5,45),
    (177,6,70),
    (178,1,65),
    (178,2,75),
    (178,3,70),
    (178,4,95),
    (178,5,70),
    (178,6,95),
    (179,1,55),
    (179,2,40),
    (179,3,40),
    (179,4,65),
    (179,5,45),
    (179,6,35),
    (180,1,70),
    (180,2,55),
    (180,3,55),
    (180,4,80),
    (180,5,60),
    (180,6,45),
    (181,1,90),
    (181,2,75),
    (181,3,85),
    (181,4,115),
    (181,5,90),
    (181,6,55),
    (182,1,75),
    (182,2,80),
    (182,3,95),
    (182,4,90),
    (182,5,100),
    (182,6,50),
    (183,1,70),
    (183,2,20),
    (183,3,50),
    (183,4,20),
    (183,5,50),
    (183,6,40),
    (184,1,100),
    (184,2,50),
    (184,3,80),
    (184,4,60),
    (184,5,80),
    (184,6,50),
    (185,1,70),
    (185,2,100),
    (185,3,115),
    (185,4,30),
    (185,5,65),
    (185,6,30),
    (186,1,90),
    (186,2,75),
    (186,3,75),
    (186,4,90),
    (186,5,100),
    (186,6,70),
    (187,1,35),
    (187,2,35),
    (187,3,40),
    (187,4,35),
    (187,5,55),
    (187,6,50),
    (188,1,55),
    (188,2,45),
    (188,3,50),
    (188,4,45),
    (188,5,65),
    (188,6,80),
    (189,1,75),
    (189,2,55),
    (189,3,70),
    (189,4,55),
    (189,5,95),
    (189,6,110),
    (190,1,55),
    (190,2,70),
    (190,3,55),
    (190,4,40),
    (190,5,55),
    (190,6,85),
    (191,1,30),
    (191,2,30),
    (191,3,30),
    (191,4,30),
    (191,5,30),
    (191,6,30),
    (192,1,75),
    (192,2,75),
    (192,3,55),
    (192,4,105),
    (192,5,85),
    (192,6,30),
    (193,1,65),
    (193,2,65),
    (193,3,45),
    (193,4,75),
    (193,5,45),
    (193,6,95),
    (194,1,55),
    (194,2,45),
    (194,3,45),
    (194,4,25),
    (194,5,25),
    (194,6,15),
    (195,1,95),
    (195,2,85),
    (195,3,85),
    (195,4,65),
    (195,5,65),
    (195,6,35),
    (196,1,65),
    (196,2,65),
    (196,3,60),
    (196,4,130),
    (196,5,95),
    (196,6,110),
    (197,1,95),
    (197,2,65),
    (197,3,110),
    (197,4,60),
    (197,5,130),
    (197,6,65),
    (198,1,60),
    (198,2,85),
    (198,3,42),
    (198,4,85),
    (198,5,42),
    (198,6,91),
    (199,1,95),
    (199,2,75),
    (199,3,80),
    (199,4,100),
    (199,5,110),
    (199,6,30),
    (200,1,60),
    (200,2,60),
    (200,3,60),
    (200,4,85),
    (200,5,85),
    (200,6,85),
    (201,1,48),
    (201,2,72),
    (201,3,48),
    (201,4,72),
    (201,5,48),
    (201,6,48),
    (202,1,190),
    (202,2,33),
    (202,3,58),
    (202,4,33),
    (202,5,58),
    (202,6,33),
    (203,1,70),
    (203,2,80),
    (203,3,65),
    (203,4,90),
    (203,5,65),
    (203,6,85),
    (204,1,50),
    (204,2,65),
    (204,3,90),
    (204,4,35),
    (204,5,35),
    (204,6,15),
    (205,1,75),
    (205,2,90),
    (205,3,140),
    (205,4,60),
    (205,5,60),
    (205,6,40),
    (206,1,100),
    (206,2,70),
    (206,3,70),
    (206,4,65),
    (206,5,65),
    (206,6,45),
    (207,1,65),
    (207,2,75),
    (207,3,105),
    (207,4,35),
    (207,5,65),
    (207,6,85),
    (208,1,75),
    (208,2,85),
    (208,3,200),
    (208,4,55),
    (208,5,65),
    (208,6,30),
    (209,1,60),
    (209,2,80),
    (209,3,50),
    (209,4,40),
    (209,5,40),
    (209,6,30),
    (210,1,90),
    (210,2,120),
    (210,3,75),
    (210,4,60),
    (210,5,60),
    (210,6,45),
    (211,1,65),
    (211,2,95),
    (211,3,85),
    (211,4,55),
    (211,5,55),
    (211,6,85),
    (212,1,70),
    (212,2,130),
    (212,3,100),
    (212,4,55),
    (212,5,80),
    (212,6,65),
    (213,1,20),
    (213,2,10),
    (213,3,230),
    (213,4,10),
    (213,5,230),
    (213,6,5),
    (214,1,80),
    (214,2,125),
    (214,3,75),
    (214,4,40),
    (214,5,95),
    (214,6,85),
    (215,1,55),
    (215,2,95),
    (215,3,55),
    (215,4,35),
    (215,5,75),
    (215,6,115),
    (216,1,60),
    (216,2,80),
    (216,3,50),
    (216,4,50),
    (216,5,50),
    (216,6,40),
    (217,1,90),
    (217,2,130),
    (217,3,75),
    (217,4,75),
    (217,5,75),
    (217,6,55),
    (218,1,40),
    (218,2,40),
    (218,3,40),
    (218,4,70),
    (218,5,40),
    (218,6,20),
    (219,1,60),
    (219,2,50),
    (219,3,120),
    (219,4,90),
    (219,5,80),
    (219,6,30),
    (220,1,50),
    (220,2,50),
    (220,3,40),
    (220,4,30),
    (220,5,30),
    (220,6,50),
    (221,1,100),
    (221,2,100),
    (221,3,80),
    (221,4,60),
    (221,5,60),
    (221,6,50),
    (222,1,65),
    (222,2,55),
    (222,3,95),
    (222,4,65),
    (222,5,95),
    (222,6,35),
    (223,1,35),
    (223,2,65),
    (223,3,35),
    (223,4,65),
    (223,5,35),
    (223,6,65),
    (224,1,75),
    (224,2,105),
    (224,3,75),
    (224,4,105),
    (224,5,75),
    (224,6,45),
    (225,1,45),
    (225,2,55),
    (225,3,45),
    (225,4,65),
    (225,5,45),
    (225,6,75),
    (226,1,85),
    (226,2,40),
    (226,3,70),
    (226,4,80),
    (226,5,140),
    (226,6,70),
    (227,1,65),
    (227,2,80),
    (227,3,140),
    (227,4,40),
    (227,5,70),
    (227,6,70),
    (228,1,45),
    (228,2,60),
    (228,3,30),
    (228,4,80),
    (228,5,50),
    (228,6,65),
    (229,1,75),
    (229,2,90),
    (229,3,50),
    (229,4,110),
    (229,5,80),
    (229,6,95),
    (230,1,75),
    (230,2,95),
    (230,3,95),
    (230,4,95),
    (230,5,95),
    (230,6,85),
    (231,1,90),
    (231,2,60),
    (231,3,60),
    (231,4,40),
    (231,5,40),
    (231,6,40),
    (232,1,90),
    (232,2,120),
    (232,3,120),
    (232,4,60),
    (232,5,60),
    (232,6,50),
    (233,1,85),
    (233,2,80),
    (233,3,90),
    (233,4,105),
    (233,5,95),
    (233,6,60),
    (234,1,73),
    (234,2,95),
    (234,3,62),
    (234,4,85),
    (234,5,65),
    (234,6,85),
    (235,1,55),
    (235,2,20),
    (235,3,35),
    (235,4,20),
    (235,5,45),
    (235,6,75),
    (236,1,35),
    (236,2,35),
    (236,3,35),
    (236,4,35),
    (236,5,35),
    (236,6,35),
    (237,1,50),
    (237,2,95),
    (237,3,95),
    (237,4,35),
    (237,5,110),
    (237,6,70),
    (238,1,45),
    (238,2,30),
    (238,3,15),
    (238,4,85),
    (238,5,65),
    (238,6,65),
    (239,1,45),
    (239,2,63),
    (239,3,37),
    (239,4,65),
    (239,5,55),
    (239,6,95),
    (240,1,45),
    (240,2,75),
    (240,3,37),
    (240,4,70),
    (240,5,55),
    (240,6,83),
    (241,1,95),
    (241,2,80),
    (241,3,105),
    (241,4,40),
    (241,5,70),
    (241,6,100),
    (242,1,255),
    (242,2,10),
    (242,3,10),
    (242,4,75),
    (242,5,135),
    (242,6,55),
    (243,1,90),
    (243,2,85),
    (243,3,75),
    (243,4,115),
    (243,5,100),
    (243,6,115),
    (244,1,115),
    (244,2,115),
    (244,3,85),
    (244,4,90),
    (244,5,75),
    (244,6,100),
    (245,1,100),
    (245,2,75),
    (245,3,115),
    (245,4,90),
    (245,5,115),
    (245,6,85),
    (246,1,50),
    (246,2,64),
    (246,3,50),
    (246,4,45),
    (246,5,50),
    (246,6,41),
    (247,1,70),
    (247,2,84),
    (247,3,70),
    (247,4,65),
    (247,5,70),
    (247,6,51),
    (248,1,100),
    (248,2,134),
    (248,3,110),
    (248,4,95),
    (248,5,100),
    (248,6,61),
    (249,1,106),
    (249,2,90),
    (249,3,130),
    (249,4,90),
    (249,5,154),
    (249,6,110),
    (250,1,106),
    (250,2,130),
    (250,3,90),
    (250,4,110),
    (250,5,154),
    (250,6,90),
    (251,1,100),
    (251,2,100),
    (251,3,100),
    (251,4,100),
    (251,5,100),
    (251,6,100),
    (252,1,40),
    (252,2,45),
    (252,3,35),
    (252,4,65),
    (252,5,55),
    (252,6,70),
    (253,1,50),
    (253,2,65),
    (253,3,45),
    (253,4,85),
    (253,5,65),
    (253,6,95),
    (254,1,70),
    (254,2,85),
    (254,3,65),
    (254,4,105),
    (254,5,85),
    (254,6,120),
    (255,1,45),
    (255,2,60),
    (255,3,40),
    (255,4,70),
    (255,5,50),
    (255,6,45),
    (256,1,60),
    (256,2,85),
    (256,3,60),
    (256,4,85),
    (256,5,60),
    (256,6,55),
    (257,1,80),
    (257,2,120),
    (257,3,70),
    (257,4,110),
    (257,5,70),
    (257,6,80),
    (258,1,50),
    (258,2,70),
    (258,3,50),
    (258,4,50),
    (258,5,50),
    (258,6,40),
    (259,1,70),
    (259,2,85),
    (259,3,70),
    (259,4,60),
    (259,5,70),
    (259,6,50),
    (260,1,100),
    (260,2,110),
    (260,3,90),
    (260,4,85),
    (260,5,90),
    (260,6,60),
    (261,1,35),
    (261,2,55),
    (261,3,35),
    (261,4,30),
    (261,5,30),
    (261,6,35),
    (262,1,70),
    (262,2,90),
    (262,3,70),
    (262,4,60),
    (262,5,60),
    (262,6,70),
    (263,1,38),
    (263,2,30),
    (263,3,41),
    (263,4,30),
    (263,5,41),
    (263,6,60),
    (264,1,78),
    (264,2,70),
    (264,3,61),
    (264,4,50),
    (264,5,61),
    (264,6,100),
    (265,1,45),
    (265,2,45),
    (265,3,35),
    (265,4,20),
    (265,5,30),
    (265,6,20),
    (266,1,50),
    (266,2,35),
    (266,3,55),
    (266,4,25),
    (266,5,25),
    (266,6,15),
    (267,1,60),
    (267,2,70),
    (267,3,50),
    (267,4,100),
    (267,5,50),
    (267,6,65),
    (268,1,50),
    (268,2,35),
    (268,3,55),
    (268,4,25),
    (268,5,25),
    (268,6,15),
    (269,1,60),
    (269,2,50),
    (269,3,70),
    (269,4,50),
    (269,5,90),
    (269,6,65),
    (270,1,40),
    (270,2,30),
    (270,3,30),
    (270,4,40),
    (270,5,50),
    (270,6,30),
    (271,1,60),
    (271,2,50),
    (271,3,50),
    (271,4,60),
    (271,5,70),
    (271,6,50),
    (272,1,80),
    (272,2,70),
    (272,3,70),
    (272,4,90),
    (272,5,100),
    (272,6,70),
    (273,1,40),
    (273,2,40),
    (273,3,50),
    (273,4,30),
    (273,5,30),
    (273,6,30),
    (274,1,70),
    (274,2,70),
    (274,3,40),
    (274,4,60),
    (274,5,40),
    (274,6,60),
    (275,1,90),
    (275,2,100),
    (275,3,60),
    (275,4,90),
    (275,5,60),
    (275,6,80),
    (276,1,40),
    (276,2,55),
    (276,3,30),
    (276,4,30),
    (276,5,30),
    (276,6,85),
    (277,1,60),
    (277,2,85),
    (277,3,60),
    (277,4,75),
    (277,5,50),
    (277,6,125),
    (278,1,40),
    (278,2,30),
    (278,3,30),
    (278,4,55),
    (278,5,30),
    (278,6,85),
    (279,1,60),
    (279,2,50),
    (279,3,100),
    (279,4,95),
    (279,5,70),
    (279,6,65),
    (280,1,28),
    (280,2,25),
    (280,3,25),
    (280,4,45),
    (280,5,35),
    (280,6,40),
    (281,1,38),
    (281,2,35),
    (281,3,35),
    (281,4,65),
    (281,5,55),
    (281,6,50),
    (282,1,68),
    (282,2,65),
    (282,3,65),
    (282,4,125),
    (282,5,115),
    (282,6,80),
    (283,1,40),
    (283,2,30),
    (283,3,32),
    (283,4,50),
    (283,5,52),
    (283,6,65),
    (284,1,70),
    (284,2,60),
    (284,3,62),
    (284,4,100),
    (284,5,82),
    (284,6,80),
    (285,1,60),
    (285,2,40),
    (285,3,60),
    (285,4,40),
    (285,5,60),
    (285,6,35),
    (286,1,60),
    (286,2,130),
    (286,3,80),
    (286,4,60),
    (286,5,60),
    (286,6,70),
    (287,1,60),
    (287,2,60),
    (287,3,60),
    (287,4,35),
    (287,5,35),
    (287,6,30),
    (288,1,80),
    (288,2,80),
    (288,3,80),
    (288,4,55),
    (288,5,55),
    (288,6,90),
    (289,1,150),
    (289,2,160),
    (289,3,100),
    (289,4,95),
    (289,5,65),
    (289,6,100),
    (290,1,31),
    (290,2,45),
    (290,3,90),
    (290,4,30),
    (290,5,30),
    (290,6,40),
    (291,1,61),
    (291,2,90),
    (291,3,45),
    (291,4,50),
    (291,5,50),
    (291,6,160),
    (292,1,1),
    (292,2,90),
    (292,3,45),
    (292,4,30),
    (292,5,30),
    (292,6,40),
    (293,1,64),
    (293,2,51),
    (293,3,23),
    (293,4,51),
    (293,5,23),
    (293,6,28),
    (294,1,84),
    (294,2,71),
    (294,3,43),
    (294,4,71),
    (294,5,43),
    (294,6,48),
    (295,1,104),
    (295,2,91),
    (295,3,63),
    (295,4,91),
    (295,5,73),
    (295,6,68),
    (296,1,72),
    (296,2,60),
    (296,3,30),
    (296,4,20),
    (296,5,30),
    (296,6,25),
    (297,1,144),
    (297,2,120),
    (297,3,60),
    (297,4,40),
    (297,5,60),
    (297,6,50),
    (298,1,50),
    (298,2,20),
    (298,3,40),
    (298,4,20),
    (298,5,40),
    (298,6,20),
    (299,1,30),
    (299,2,45),
    (299,3,135),
    (299,4,45),
    (299,5,90),
    (299,6,30),
    (300,1,50),
    (300,2,45),
    (300,3,45),
    (300,4,35),
    (300,5,35),
    (300,6,50),
    (301,1,70),
    (301,2,65),
    (301,3,65),
    (301,4,55),
    (301,5,55),
    (301,6,90),
    (302,1,50),
    (302,2,75),
    (302,3,75),
    (302,4,65),
    (302,5,65),
    (302,6,50),
    (303,1,50),
    (303,2,85),
    (303,3,85),
    (303,4,55),
    (303,5,55),
    (303,6,50),
    (304,1,50),
    (304,2,70),
    (304,3,100),
    (304,4,40),
    (304,5,40),
    (304,6,30),
    (305,1,60),
    (305,2,90),
    (305,3,140),
    (305,4,50),
    (305,5,50),
    (305,6,40),
    (306,1,70),
    (306,2,110),
    (306,3,180),
    (306,4,60),
    (306,5,60),
    (306,6,50),
    (307,1,30),
    (307,2,40),
    (307,3,55),
    (307,4,40),
    (307,5,55),
    (307,6,60),
    (308,1,60),
    (308,2,60),
    (308,3,75),
    (308,4,60),
    (308,5,75),
    (308,6,80),
    (309,1,40),
    (309,2,45),
    (309,3,40),
    (309,4,65),
    (309,5,40),
    (309,6,65),
    (310,1,70),
    (310,2,75),
    (310,3,60),
    (310,4,105),
    (310,5,60),
    (310,6,105),
    (311,1,60),
    (311,2,50),
    (311,3,40),
    (311,4,85),
    (311,5,75),
    (311,6,95),
    (312,1,60),
    (312,2,40),
    (312,3,50),
    (312,4,75),
    (312,5,85),
    (312,6,95),
    (313,1,65),
    (313,2,73),
    (313,3,75),
    (313,4,47),
    (313,5,85),
    (313,6,85),
    (314,1,65),
    (314,2,47),
    (314,3,75),
    (314,4,73),
    (314,5,85),
    (314,6,85),
    (315,1,50),
    (315,2,60),
    (315,3,45),
    (315,4,100),
    (315,5,80),
    (315,6,65),
    (316,1,70),
    (316,2,43),
    (316,3,53),
    (316,4,43),
    (316,5,53),
    (316,6,40),
    (317,1,100),
    (317,2,73),
    (317,3,83),
    (317,4,73),
    (317,5,83),
    (317,6,55),
    (318,1,45),
    (318,2,90),
    (318,3,20),
    (318,4,65),
    (318,5,20),
    (318,6,65),
    (319,1,70),
    (319,2,120),
    (319,3,40),
    (319,4,95),
    (319,5,40),
    (319,6,95),
    (320,1,130),
    (320,2,70),
    (320,3,35),
    (320,4,70),
    (320,5,35),
    (320,6,60),
    (321,1,170),
    (321,2,90),
    (321,3,45),
    (321,4,90),
    (321,5,45),
    (321,6,60),
    (322,1,60),
    (322,2,60),
    (322,3,40),
    (322,4,65),
    (322,5,45),
    (322,6,35),
    (323,1,70),
    (323,2,100),
    (323,3,70),
    (323,4,105),
    (323,5,75),
    (323,6,40),
    (324,1,70),
    (324,2,85),
    (324,3,140),
    (324,4,85),
    (324,5,70),
    (324,6,20),
    (325,1,60),
    (325,2,25),
    (325,3,35),
    (325,4,70),
    (325,5,80),
    (325,6,60),
    (326,1,80),
    (326,2,45),
    (326,3,65),
    (326,4,90),
    (326,5,110),
    (326,6,80),
    (327,1,60),
    (327,2,60),
    (327,3,60),
    (327,4,60),
    (327,5,60),
    (327,6,60),
    (328,1,45),
    (328,2,100),
    (328,3,45),
    (328,4,45),
    (328,5,45),
    (328,6,10),
    (329,1,50),
    (329,2,70),
    (329,3,50),
    (329,4,50),
    (329,5,50),
    (329,6,70),
    (330,1,80),
    (330,2,100),
    (330,3,80),
    (330,4,80),
    (330,5,80),
    (330,6,100),
    (331,1,50),
    (331,2,85),
    (331,3,40),
    (331,4,85),
    (331,5,40),
    (331,6,35),
    (332,1,70),
    (332,2,115),
    (332,3,60),
    (332,4,115),
    (332,5,60),
    (332,6,55),
    (333,1,45),
    (333,2,40),
    (333,3,60),
    (333,4,40),
    (333,5,75),
    (333,6,50),
    (334,1,75),
    (334,2,70),
    (334,3,90),
    (334,4,70),
    (334,5,105),
    (334,6,80),
    (335,1,73),
    (335,2,115),
    (335,3,60),
    (335,4,60),
    (335,5,60),
    (335,6,90),
    (336,1,73),
    (336,2,100),
    (336,3,60),
    (336,4,100),
    (336,5,60),
    (336,6,65),
    (337,1,90),
    (337,2,55),
    (337,3,65),
    (337,4,95),
    (337,5,85),
    (337,6,70),
    (338,1,90),
    (338,2,95),
    (338,3,85),
    (338,4,55),
    (338,5,65),
    (338,6,70),
    (339,1,50),
    (339,2,48),
    (339,3,43),
    (339,4,46),
    (339,5,41),
    (339,6,60),
    (340,1,110),
    (340,2,78),
    (340,3,73),
    (340,4,76),
    (340,5,71),
    (340,6,60),
    (341,1,43),
    (341,2,80),
    (341,3,65),
    (341,4,50),
    (341,5,35),
    (341,6,35),
    (342,1,63),
    (342,2,120),
    (342,3,85),
    (342,4,90),
    (342,5,55),
    (342,6,55),
    (343,1,40),
    (343,2,40),
    (343,3,55),
    (343,4,40),
    (343,5,70),
    (343,6,55),
    (344,1,60),
    (344,2,70),
    (344,3,105),
    (344,4,70),
    (344,5,120),
    (344,6,75),
    (345,1,66),
    (345,2,41),
    (345,3,77),
    (345,4,61),
    (345,5,87),
    (345,6,23),
    (346,1,86),
    (346,2,81),
    (346,3,97),
    (346,4,81),
    (346,5,107),
    (346,6,43),
    (347,1,45),
    (347,2,95),
    (347,3,50),
    (347,4,40),
    (347,5,50),
    (347,6,75),
    (348,1,75),
    (348,2,125),
    (348,3,100),
    (348,4,70),
    (348,5,80),
    (348,6,45),
    (349,1,20),
    (349,2,15),
    (349,3,20),
    (349,4,10),
    (349,5,55),
    (349,6,80),
    (350,1,95),
    (350,2,60),
    (350,3,79),
    (350,4,100),
    (350,5,125),
    (350,6,81),
    (351,1,70),
    (351,2,70),
    (351,3,70),
    (351,4,70),
    (351,5,70),
    (351,6,70),
    (352,1,60),
    (352,2,90),
    (352,3,70),
    (352,4,60),
    (352,5,120),
    (352,6,40),
    (353,1,44),
    (353,2,75),
    (353,3,35),
    (353,4,63),
    (353,5,33),
    (353,6,45),
    (354,1,64),
    (354,2,115),
    (354,3,65),
    (354,4,83),
    (354,5,63),
    (354,6,65),
    (355,1,20),
    (355,2,40),
    (355,3,90),
    (355,4,30),
    (355,5,90),
    (355,6,25),
    (356,1,40),
    (356,2,70),
    (356,3,130),
    (356,4,60),
    (356,5,130),
    (356,6,25),
    (357,1,99),
    (357,2,68),
    (357,3,83),
    (357,4,72),
    (357,5,87),
    (357,6,51),
    (358,1,75),
    (358,2,50),
    (358,3,80),
    (358,4,95),
    (358,5,90),
    (358,6,65),
    (359,1,65),
    (359,2,130),
    (359,3,60),
    (359,4,75),
    (359,5,60),
    (359,6,75),
    (360,1,95),
    (360,2,23),
    (360,3,48),
    (360,4,23),
    (360,5,48),
    (360,6,23),
    (361,1,50),
    (361,2,50),
    (361,3,50),
    (361,4,50),
    (361,5,50),
    (361,6,50),
    (362,1,80),
    (362,2,80),
    (362,3,80),
    (362,4,80),
    (362,5,80),
    (362,6,80),
    (363,1,70),
    (363,2,40),
    (363,3,50),
    (363,4,55),
    (363,5,50),
    (363,6,25),
    (364,1,90),
    (364,2,60),
    (364,3,70),
    (364,4,75),
    (364,5,70),
    (364,6,45),
    (365,1,110),
    (365,2,80),
    (365,3,90),
    (365,4,95),
    (365,5,90),
    (365,6,65),
    (366,1,35),
    (366,2,64),
    (366,3,85),
    (366,4,74),
    (366,5,55),
    (366,6,32),
    (367,1,55),
    (367,2,104),
    (367,3,105),
    (367,4,94),
    (367,5,75),
    (367,6,52),
    (368,1,55),
    (368,2,84),
    (368,3,105),
    (368,4,114),
    (368,5,75),
    (368,6,52),
    (369,1,100),
    (369,2,90),
    (369,3,130),
    (369,4,45),
    (369,5,65),
    (369,6,55),
    (370,1,43),
    (370,2,30),
    (370,3,55),
    (370,4,40),
    (370,5,65),
    (370,6,97),
    (371,1,45),
    (371,2,75),
    (371,3,60),
    (371,4,40),
    (371,5,30),
    (371,6,50),
    (372,1,65),
    (372,2,95),
    (372,3,100),
    (372,4,60),
    (372,5,50),
    (372,6,50),
    (373,1,95),
    (373,2,135),
    (373,3,80),
    (373,4,110),
    (373,5,80),
    (373,6,100),
    (374,1,40),
    (374,2,55),
    (374,3,80),
    (374,4,35),
    (374,5,60),
    (374,6,30),
    (375,1,60),
    (375,2,75),
    (375,3,100),
    (375,4,55),
    (375,5,80),
    (375,6,50),
    (376,1,80),
    (376,2,135),
    (376,3,130),
    (376,4,95),
    (376,5,90),
    (376,6,70),
    (377,1,80),
    (377,2,100),
    (377,3,200),
    (377,4,50),
    (377,5,100),
    (377,6,50),
    (378,1,80),
    (378,2,50),
    (378,3,100),
    (378,4,100),
    (378,5,200),
    (378,6,50),
    (379,1,80),
    (379,2,75),
    (379,3,150),
    (379,4,75),
    (379,5,150),
    (379,6,50),
    (380,1,80),
    (380,2,80),
    (380,3,90),
    (380,4,110),
    (380,5,130),
    (380,6,110),
    (381,1,80),
    (381,2,90),
    (381,3,80),
    (381,4,130),
    (381,5,110),
    (381,6,110),
    (382,1,100),
    (382,2,100),
    (382,3,90),
    (382,4,150),
    (382,5,140),
    (382,6,90),
    (383,1,100),
    (383,2,150),
    (383,3,140),
    (383,4,100),
    (383,5,90),
    (383,6,90),
    (384,1,105),
    (384,2,150),
    (384,3,90),
    (384,4,150),
    (384,5,90),
    (384,6,95),
    (385,1,100),
    (385,2,100),
    (385,3,100),
    (385,4,100),
    (385,5,100),
    (385,6,100),
    (386,1,50),
    (386,2,150),
    (386,3,50),
    (386,4,150),
    (386,5,50),
    (386,6,150),
    (387,1,55),
    (387,2,68),
    (387,3,64),
    (387,4,45),
    (387,5,55),
    (387,6,31),
    (388,1,75),
    (388,2,89),
    (388,3,85),
    (388,4,55),
    (388,5,65),
    (388,6,36),
    (389,1,95),
    (389,2,109),
    (389,3,105),
    (389,4,75),
    (389,5,85),
    (389,6,56),
    (390,1,44),
    (390,2,58),
    (390,3,44),
    (390,4,58),
    (390,5,44),
    (390,6,61),
    (391,1,64),
    (391,2,78),
    (391,3,52),
    (391,4,78),
    (391,5,52),
    (391,6,81),
    (392,1,76),
    (392,2,104),
    (392,3,71),
    (392,4,104),
    (392,5,71),
    (392,6,108),
    (393,1,53),
    (393,2,51),
    (393,3,53),
    (393,4,61),
    (393,5,56),
    (393,6,40),
    (394,1,64),
    (394,2,66),
    (394,3,68),
    (394,4,81),
    (394,5,76),
    (394,6,50),
    (395,1,84),
    (395,2,86),
    (395,3,88),
    (395,4,111),
    (395,5,101),
    (395,6,60),
    (396,1,40),
    (396,2,55),
    (396,3,30),
    (396,4,30),
    (396,5,30),
    (396,6,60),
    (397,1,55),
    (397,2,75),
    (397,3,50),
    (397,4,40),
    (397,5,40),
    (397,6,80),
    (398,1,85),
    (398,2,120),
    (398,3,70),
    (398,4,50),
    (398,5,60),
    (398,6,100),
    (399,1,59),
    (399,2,45),
    (399,3,40),
    (399,4,35),
    (399,5,40),
    (399,6,31),
    (400,1,79),
    (400,2,85),
    (400,3,60),
    (400,4,55),
    (400,5,60),
    (400,6,71),
    (401,1,37),
    (401,2,25),
    (401,3,41),
    (401,4,25),
    (401,5,41),
    (401,6,25),
    (402,1,77),
    (402,2,85),
    (402,3,51),
    (402,4,55),
    (402,5,51),
    (402,6,65),
    (403,1,45),
    (403,2,65),
    (403,3,34),
    (403,4,40),
    (403,5,34),
    (403,6,45),
    (404,1,60),
    (404,2,85),
    (404,3,49),
    (404,4,60),
    (404,5,49),
    (404,6,60),
    (405,1,80),
    (405,2,120),
    (405,3,79),
    (405,4,95),
    (405,5,79),
    (405,6,70),
    (406,1,40),
    (406,2,30),
    (406,3,35),
    (406,4,50),
    (406,5,70),
    (406,6,55),
    (407,1,60),
    (407,2,70),
    (407,3,65),
    (407,4,125),
    (407,5,105),
    (407,6,90),
    (408,1,67),
    (408,2,125),
    (408,3,40),
    (408,4,30),
    (408,5,30),
    (408,6,58),
    (409,1,97),
    (409,2,165),
    (409,3,60),
    (409,4,65),
    (409,5,50),
    (409,6,58),
    (410,1,30),
    (410,2,42),
    (410,3,118),
    (410,4,42),
    (410,5,88),
    (410,6,30),
    (411,1,60),
    (411,2,52),
    (411,3,168),
    (411,4,47),
    (411,5,138),
    (411,6,30),
    (412,1,40),
    (412,2,29),
    (412,3,45),
    (412,4,29),
    (412,5,45),
    (412,6,36),
    (413,1,60),
    (413,2,59),
    (413,3,85),
    (413,4,79),
    (413,5,105),
    (413,6,36),
    (414,1,70),
    (414,2,94),
    (414,3,50),
    (414,4,94),
    (414,5,50),
    (414,6,66),
    (415,1,30),
    (415,2,30),
    (415,3,42),
    (415,4,30),
    (415,5,42),
    (415,6,70),
    (416,1,70),
    (416,2,80),
    (416,3,102),
    (416,4,80),
    (416,5,102),
    (416,6,40),
    (417,1,60),
    (417,2,45),
    (417,3,70),
    (417,4,45),
    (417,5,90),
    (417,6,95),
    (418,1,55),
    (418,2,65),
    (418,3,35),
    (418,4,60),
    (418,5,30),
    (418,6,85),
    (419,1,85),
    (419,2,105),
    (419,3,55),
    (419,4,85),
    (419,5,50),
    (419,6,115),
    (420,1,45),
    (420,2,35),
    (420,3,45),
    (420,4,62),
    (420,5,53),
    (420,6,35),
    (421,1,70),
    (421,2,60),
    (421,3,70),
    (421,4,87),
    (421,5,78),
    (421,6,85),
    (422,1,76),
    (422,2,48),
    (422,3,48),
    (422,4,57),
    (422,5,62),
    (422,6,34),
    (423,1,111),
    (423,2,83),
    (423,3,68),
    (423,4,92),
    (423,5,82),
    (423,6,39),
    (424,1,75),
    (424,2,100),
    (424,3,66),
    (424,4,60),
    (424,5,66),
    (424,6,115),
    (425,1,90),
    (425,2,50),
    (425,3,34),
    (425,4,60),
    (425,5,44),
    (425,6,70),
    (426,1,150),
    (426,2,80),
    (426,3,44),
    (426,4,90),
    (426,5,54),
    (426,6,80),
    (427,1,55),
    (427,2,66),
    (427,3,44),
    (427,4,44),
    (427,5,56),
    (427,6,85),
    (428,1,65),
    (428,2,76),
    (428,3,84),
    (428,4,54),
    (428,5,96),
    (428,6,105),
    (429,1,60),
    (429,2,60),
    (429,3,60),
    (429,4,105),
    (429,5,105),
    (429,6,105),
    (430,1,100),
    (430,2,125),
    (430,3,52),
    (430,4,105),
    (430,5,52),
    (430,6,71),
    (431,1,49),
    (431,2,55),
    (431,3,42),
    (431,4,42),
    (431,5,37),
    (431,6,85),
    (432,1,71),
    (432,2,82),
    (432,3,64),
    (432,4,64),
    (432,5,59),
    (432,6,112),
    (433,1,45),
    (433,2,30),
    (433,3,50),
    (433,4,65),
    (433,5,50),
    (433,6,45),
    (434,1,63),
    (434,2,63),
    (434,3,47),
    (434,4,41),
    (434,5,41),
    (434,6,74),
    (435,1,103),
    (435,2,93),
    (435,3,67),
    (435,4,71),
    (435,5,61),
    (435,6,84),
    (436,1,57),
    (436,2,24),
    (436,3,86),
    (436,4,24),
    (436,5,86),
    (436,6,23),
    (437,1,67),
    (437,2,89),
    (437,3,116),
    (437,4,79),
    (437,5,116),
    (437,6,33),
    (438,1,50),
    (438,2,80),
    (438,3,95),
    (438,4,10),
    (438,5,45),
    (438,6,10),
    (439,1,20),
    (439,2,25),
    (439,3,45),
    (439,4,70),
    (439,5,90),
    (439,6,60),
    (440,1,100),
    (440,2,5),
    (440,3,5),
    (440,4,15),
    (440,5,65),
    (440,6,30),
    (441,1,76),
    (441,2,65),
    (441,3,45),
    (441,4,92),
    (441,5,42),
    (441,6,91),
    (442,1,50),
    (442,2,92),
    (442,3,108),
    (442,4,92),
    (442,5,108),
    (442,6,35),
    (443,1,58),
    (443,2,70),
    (443,3,45),
    (443,4,40),
    (443,5,45),
    (443,6,42),
    (444,1,68),
    (444,2,90),
    (444,3,65),
    (444,4,50),
    (444,5,55),
    (444,6,82),
    (445,1,108),
    (445,2,130),
    (445,3,95),
    (445,4,80),
    (445,5,85),
    (445,6,102),
    (446,1,135),
    (446,2,85),
    (446,3,40),
    (446,4,40),
    (446,5,85),
    (446,6,5),
    (447,1,40),
    (447,2,70),
    (447,3,40),
    (447,4,35),
    (447,5,40),
    (447,6,60),
    (448,1,70),
    (448,2,110),
    (448,3,70),
    (448,4,115),
    (448,5,70),
    (448,6,90),
    (449,1,68),
    (449,2,72),
    (449,3,78),
    (449,4,38),
    (449,5,42),
    (449,6,32),
    (450,1,108),
    (450,2,112),
    (450,3,118),
    (450,4,68),
    (450,5,72),
    (450,6,47),
    (451,1,40),
    (451,2,50),
    (451,3,90),
    (451,4,30),
    (451,5,55),
    (451,6,65),
    (452,1,70),
    (452,2,90),
    (452,3,110),
    (452,4,60),
    (452,5,75),
    (452,6,95),
    (453,1,48),
    (453,2,61),
    (453,3,40),
    (453,4,61),
    (453,5,40),
    (453,6,50),
    (454,1,83),
    (454,2,106),
    (454,3,65),
    (454,4,86),
    (454,5,65),
    (454,6,85),
    (455,1,74),
    (455,2,100),
    (455,3,72),
    (455,4,90),
    (455,5,72),
    (455,6,46),
    (456,1,49),
    (456,2,49),
    (456,3,56),
    (456,4,49),
    (456,5,61),
    (456,6,66),
    (457,1,69),
    (457,2,69),
    (457,3,76),
    (457,4,69),
    (457,5,86),
    (457,6,91),
    (458,1,45),
    (458,2,20),
    (458,3,50),
    (458,4,60),
    (458,5,120),
    (458,6,50),
    (459,1,60),
    (459,2,62),
    (459,3,50),
    (459,4,62),
    (459,5,60),
    (459,6,40),
    (460,1,90),
    (460,2,92),
    (460,3,75),
    (460,4,92),
    (460,5,85),
    (460,6,60),
    (461,1,70),
    (461,2,120),
    (461,3,65),
    (461,4,45),
    (461,5,85),
    (461,6,125),
    (462,1,70),
    (462,2,70),
    (462,3,115),
    (462,4,130),
    (462,5,90),
    (462,6,60),
    (463,1,110),
    (463,2,85),
    (463,3,95),
    (463,4,80),
    (463,5,95),
    (463,6,50),
    (464,1,115),
    (464,2,140),
    (464,3,130),
    (464,4,55),
    (464,5,55),
    (464,6,40),
    (465,1,100),
    (465,2,100),
    (465,3,125),
    (465,4,110),
    (465,5,50),
    (465,6,50),
    (466,1,75),
    (466,2,123),
    (466,3,67),
    (466,4,95),
    (466,5,85),
    (466,6,95),
    (467,1,75),
    (467,2,95),
    (467,3,67),
    (467,4,125),
    (467,5,95),
    (467,6,83),
    (468,1,85),
    (468,2,50),
    (468,3,95),
    (468,4,120),
    (468,5,115),
    (468,6,80),
    (469,1,86),
    (469,2,76),
    (469,3,86),
    (469,4,116),
    (469,5,56),
    (469,6,95),
    (470,1,65),
    (470,2,110),
    (470,3,130),
    (470,4,60),
    (470,5,65),
    (470,6,95),
    (471,1,65),
    (471,2,60),
    (471,3,110),
    (471,4,130),
    (471,5,95),
    (471,6,65),
    (472,1,75),
    (472,2,95),
    (472,3,125),
    (472,4,45),
    (472,5,75),
    (472,6,95),
    (473,1,110),
    (473,2,130),
    (473,3,80),
    (473,4,70),
    (473,5,60),
    (473,6,80),
    (474,1,85),
    (474,2,80),
    (474,3,70),
    (474,4,135),
    (474,5,75),
    (474,6,90),
    (475,1,68),
    (475,2,125),
    (475,3,65),
    (475,4,65),
    (475,5,115),
    (475,6,80),
    (476,1,60),
    (476,2,55),
    (476,3,145),
    (476,4,75),
    (476,5,150),
    (476,6,40),
    (477,1,45),
    (477,2,100),
    (477,3,135),
    (477,4,65),
    (477,5,135),
    (477,6,45),
    (478,1,70),
    (478,2,80),
    (478,3,70),
    (478,4,80),
    (478,5,70),
    (478,6,110),
    (479,1,50),
    (479,2,50),
    (479,3,77),
    (479,4,95),
    (479,5,77),
    (479,6,91),
    (480,1,75),
    (480,2,75),
    (480,3,130),
    (480,4,75),
    (480,5,130),
    (480,6,95),
    (481,1,80),
    (481,2,105),
    (481,3,105),
    (481,4,105),
    (481,5,105),
    (481,6,80),
    (482,1,75),
    (482,2,125),
    (482,3,70),
    (482,4,125),
    (482,5,70),
    (482,6,115),
    (483,1,100),
    (483,2,120),
    (483,3,120),
    (483,4,150),
    (483,5,100),
    (483,6,90),
    (484,1,90),
    (484,2,120),
    (484,3,100),
    (484,4,150),
    (484,5,120),
    (484,6,100),
    (485,1,91),
    (485,2,90),
    (485,3,106),
    (485,4,130),
    (485,5,106),
    (485,6,77),
    (486,1,110),
    (486,2,160),
    (486,3,110),
    (486,4,80),
    (486,5,110),
    (486,6,100),
    (487,1,150),
    (487,2,100),
    (487,3,120),
    (487,4,100),
    (487,5,120),
    (487,6,90),
    (488,1,120),
    (488,2,70),
    (488,3,120),
    (488,4,75),
    (488,5,130),
    (488,6,85),
    (489,1,80),
    (489,2,80),
    (489,3,80),
    (489,4,80),
    (489,5,80),
    (489,6,80),
    (490,1,100),
    (490,2,100),
    (490,3,100),
    (490,4,100),
    (490,5,100),
    (490,6,100),
    (491,1,70),
    (491,2,90),
    (491,3,90),
    (491,4,135),
    (491,5,90),
    (491,6,125),
    (492,1,100),
    (492,2,100),
    (492,3,100),
    (492,4,100),
    (492,5,100),
    (492,6,100),
    (493,1,120),
    (493,2,120),
    (493,3,120),
    (493,4,120),
    (493,5,120),
    (493,6,120),
    (494,1,100),
    (494,2,100),
    (494,3,100),
    (494,4,100),
    (494,5,100),
    (494,6,100),
    (495,1,45),
    (495,2,45),
    (495,3,55),
    (495,4,45),
    (495,5,55),
    (495,6,63),
    (496,1,60),
    (496,2,60),
    (496,3,75),
    (496,4,60),
    (496,5,75),
    (496,6,83),
    (497,1,75),
    (497,2,75),
    (497,3,95),
    (497,4,75),
    (497,5,95),
    (497,6,113),
    (498,1,65),
    (498,2,63),
    (498,3,45),
    (498,4,45),
    (498,5,45),
    (498,6,45),
    (499,1,90),
    (499,2,93),
    (499,3,55),
    (499,4,70),
    (499,5,55),
    (499,6,55),
    (500,1,110),
    (500,2,123),
    (500,3,65),
    (500,4,100),
    (500,5,65),
    (500,6,65),
    (501,1,55),
    (501,2,55),
    (501,3,45),
    (501,4,63),
    (501,5,45),
    (501,6,45),
    (502,1,75),
    (502,2,75),
    (502,3,60),
    (502,4,83),
    (502,5,60),
    (502,6,60),
    (503,1,95),
    (503,2,100),
    (503,3,85),
    (503,4,108),
    (503,5,70),
    (503,6,70),
    (504,1,45),
    (504,2,55),
    (504,3,39),
    (504,4,35),
    (504,5,39),
    (504,6,42),
    (505,1,60),
    (505,2,85),
    (505,3,69),
    (505,4,60),
    (505,5,69),
    (505,6,77),
    (506,1,45),
    (506,2,60),
    (506,3,45),
    (506,4,25),
    (506,5,45),
    (506,6,55),
    (507,1,65),
    (507,2,80),
    (507,3,65),
    (507,4,35),
    (507,5,65),
    (507,6,60),
    (508,1,85),
    (508,2,110),
    (508,3,90),
    (508,4,45),
    (508,5,90),
    (508,6,80),
    (509,1,41),
    (509,2,50),
    (509,3,37),
    (509,4,50),
    (509,5,37),
    (509,6,66),
    (510,1,64),
    (510,2,88),
    (510,3,50),
    (510,4,88),
    (510,5,50),
    (510,6,106),
    (511,1,50),
    (511,2,53),
    (511,3,48),
    (511,4,53),
    (511,5,48),
    (511,6,64),
    (512,1,75),
    (512,2,98),
    (512,3,63),
    (512,4,98),
    (512,5,63),
    (512,6,101),
    (513,1,50),
    (513,2,53),
    (513,3,48),
    (513,4,53),
    (513,5,48),
    (513,6,64),
    (514,1,75),
    (514,2,98),
    (514,3,63),
    (514,4,98),
    (514,5,63),
    (514,6,101),
    (515,1,50),
    (515,2,53),
    (515,3,48),
    (515,4,53),
    (515,5,48),
    (515,6,64),
    (516,1,75),
    (516,2,98),
    (516,3,63),
    (516,4,98),
    (516,5,63),
    (516,6,101),
    (517,1,76),
    (517,2,25),
    (517,3,45),
    (517,4,67),
    (517,5,55),
    (517,6,24),
    (518,1,116),
    (518,2,55),
    (518,3,85),
    (518,4,107),
    (518,5,95),
    (518,6,29),
    (519,1,50),
    (519,2,55),
    (519,3,50),
    (519,4,36),
    (519,5,30),
    (519,6,43),
    (520,1,62),
    (520,2,77),
    (520,3,62),
    (520,4,50),
    (520,5,42),
    (520,6,65),
    (521,1,80),
    (521,2,115),
    (521,3,80),
    (521,4,65),
    (521,5,55),
    (521,6,93),
    (522,1,45),
    (522,2,60),
    (522,3,32),
    (522,4,50),
    (522,5,32),
    (522,6,76),
    (523,1,75),
    (523,2,100),
    (523,3,63),
    (523,4,80),
    (523,5,63),
    (523,6,116),
    (524,1,55),
    (524,2,75),
    (524,3,85),
    (524,4,25),
    (524,5,25),
    (524,6,15),
    (525,1,70),
    (525,2,105),
    (525,3,105),
    (525,4,50),
    (525,5,40),
    (525,6,20),
    (526,1,85),
    (526,2,135),
    (526,3,130),
    (526,4,60),
    (526,5,80),
    (526,6,25),
    (527,1,65),
    (527,2,45),
    (527,3,43),
    (527,4,55),
    (527,5,43),
    (527,6,72),
    (528,1,67),
    (528,2,57),
    (528,3,55),
    (528,4,77),
    (528,5,55),
    (528,6,114),
    (529,1,60),
    (529,2,85),
    (529,3,40),
    (529,4,30),
    (529,5,45),
    (529,6,68),
    (530,1,110),
    (530,2,135),
    (530,3,60),
    (530,4,50),
    (530,5,65),
    (530,6,88),
    (531,1,103),
    (531,2,60),
    (531,3,86),
    (531,4,60),
    (531,5,86),
    (531,6,50),
    (532,1,75),
    (532,2,80),
    (532,3,55),
    (532,4,25),
    (532,5,35),
    (532,6,35),
    (533,1,85),
    (533,2,105),
    (533,3,85),
    (533,4,40),
    (533,5,50),
    (533,6,40),
    (534,1,105),
    (534,2,140),
    (534,3,95),
    (534,4,55),
    (534,5,65),
    (534,6,45),
    (535,1,50),
    (535,2,50),
    (535,3,40),
    (535,4,50),
    (535,5,40),
    (535,6,64),
    (536,1,75),
    (536,2,65),
    (536,3,55),
    (536,4,65),
    (536,5,55),
    (536,6,69),
    (537,1,105),
    (537,2,95),
    (537,3,75),
    (537,4,85),
    (537,5,75),
    (537,6,74),
    (538,1,120),
    (538,2,100),
    (538,3,85),
    (538,4,30),
    (538,5,85),
    (538,6,45),
    (539,1,75),
    (539,2,125),
    (539,3,75),
    (539,4,30),
    (539,5,75),
    (539,6,85),
    (540,1,45),
    (540,2,53),
    (540,3,70),
    (540,4,40),
    (540,5,60),
    (540,6,42),
    (541,1,55),
    (541,2,63),
    (541,3,90),
    (541,4,50),
    (541,5,80),
    (541,6,42),
    (542,1,75),
    (542,2,103),
    (542,3,80),
    (542,4,70),
    (542,5,80),
    (542,6,92),
    (543,1,30),
    (543,2,45),
    (543,3,59),
    (543,4,30),
    (543,5,39),
    (543,6,57),
    (544,1,40),
    (544,2,55),
    (544,3,99),
    (544,4,40),
    (544,5,79),
    (544,6,47),
    (545,1,60),
    (545,2,100),
    (545,3,89),
    (545,4,55),
    (545,5,69),
    (545,6,112),
    (546,1,40),
    (546,2,27),
    (546,3,60),
    (546,4,37),
    (546,5,50),
    (546,6,66),
    (547,1,60),
    (547,2,67),
    (547,3,85),
    (547,4,77),
    (547,5,75),
    (547,6,116),
    (548,1,45),
    (548,2,35),
    (548,3,50),
    (548,4,70),
    (548,5,50),
    (548,6,30),
    (549,1,70),
    (549,2,60),
    (549,3,75),
    (549,4,110),
    (549,5,75),
    (549,6,90),
    (550,1,70),
    (550,2,92),
    (550,3,65),
    (550,4,80),
    (550,5,55),
    (550,6,98),
    (551,1,50),
    (551,2,72),
    (551,3,35),
    (551,4,35),
    (551,5,35),
    (551,6,65),
    (552,1,60),
    (552,2,82),
    (552,3,45),
    (552,4,45),
    (552,5,45),
    (552,6,74),
    (553,1,95),
    (553,2,117),
    (553,3,80),
    (553,4,65),
    (553,5,70),
    (553,6,92),
    (554,1,70),
    (554,2,90),
    (554,3,45),
    (554,4,15),
    (554,5,45),
    (554,6,50),
    (555,1,105),
    (555,2,140),
    (555,3,55),
    (555,4,30),
    (555,5,55),
    (555,6,95),
    (556,1,75),
    (556,2,86),
    (556,3,67),
    (556,4,106),
    (556,5,67),
    (556,6,60),
    (557,1,50),
    (557,2,65),
    (557,3,85),
    (557,4,35),
    (557,5,35),
    (557,6,55),
    (558,1,70),
    (558,2,105),
    (558,3,125),
    (558,4,65),
    (558,5,75),
    (558,6,45),
    (559,1,50),
    (559,2,75),
    (559,3,70),
    (559,4,35),
    (559,5,70),
    (559,6,48),
    (560,1,65),
    (560,2,90),
    (560,3,115),
    (560,4,45),
    (560,5,115),
    (560,6,58),
    (561,1,72),
    (561,2,58),
    (561,3,80),
    (561,4,103),
    (561,5,80),
    (561,6,97),
    (562,1,38),
    (562,2,30),
    (562,3,85),
    (562,4,55),
    (562,5,65),
    (562,6,30),
    (563,1,58),
    (563,2,50),
    (563,3,145),
    (563,4,95),
    (563,5,105),
    (563,6,30),
    (564,1,54),
    (564,2,78),
    (564,3,103),
    (564,4,53),
    (564,5,45),
    (564,6,22),
    (565,1,74),
    (565,2,108),
    (565,3,133),
    (565,4,83),
    (565,5,65),
    (565,6,32),
    (566,1,55),
    (566,2,112),
    (566,3,45),
    (566,4,74),
    (566,5,45),
    (566,6,70),
    (567,1,75),
    (567,2,140),
    (567,3,65),
    (567,4,112),
    (567,5,65),
    (567,6,110),
    (568,1,50),
    (568,2,50),
    (568,3,62),
    (568,4,40),
    (568,5,62),
    (568,6,65),
    (569,1,80),
    (569,2,95),
    (569,3,82),
    (569,4,60),
    (569,5,82),
    (569,6,75),
    (570,1,40),
    (570,2,65),
    (570,3,40),
    (570,4,80),
    (570,5,40),
    (570,6,65),
    (571,1,60),
    (571,2,105),
    (571,3,60),
    (571,4,120),
    (571,5,60),
    (571,6,105),
    (572,1,55),
    (572,2,50),
    (572,3,40),
    (572,4,40),
    (572,5,40),
    (572,6,75),
    (573,1,75),
    (573,2,95),
    (573,3,60),
    (573,4,65),
    (573,5,60),
    (573,6,115),
    (574,1,45),
    (574,2,30),
    (574,3,50),
    (574,4,55),
    (574,5,65),
    (574,6,45),
    (575,1,60),
    (575,2,45),
    (575,3,70),
    (575,4,75),
    (575,5,85),
    (575,6,55),
    (576,1,70),
    (576,2,55),
    (576,3,95),
    (576,4,95),
    (576,5,110),
    (576,6,65),
    (577,1,45),
    (577,2,30),
    (577,3,40),
    (577,4,105),
    (577,5,50),
    (577,6,20),
    (578,1,65),
    (578,2,40),
    (578,3,50),
    (578,4,125),
    (578,5,60),
    (578,6,30),
    (579,1,110),
    (579,2,65),
    (579,3,75),
    (579,4,125),
    (579,5,85),
    (579,6,30),
    (580,1,62),
    (580,2,44),
    (580,3,50),
    (580,4,44),
    (580,5,50),
    (580,6,55),
    (581,1,75),
    (581,2,87),
    (581,3,63),
    (581,4,87),
    (581,5,63),
    (581,6,98),
    (582,1,36),
    (582,2,50),
    (582,3,50),
    (582,4,65),
    (582,5,60),
    (582,6,44),
    (583,1,51),
    (583,2,65),
    (583,3,65),
    (583,4,80),
    (583,5,75),
    (583,6,59),
    (584,1,71),
    (584,2,95),
    (584,3,85),
    (584,4,110),
    (584,5,95),
    (584,6,79),
    (585,1,60),
    (585,2,60),
    (585,3,50),
    (585,4,40),
    (585,5,50),
    (585,6,75),
    (586,1,80),
    (586,2,100),
    (586,3,70),
    (586,4,60),
    (586,5,70),
    (586,6,95),
    (587,1,55),
    (587,2,75),
    (587,3,60),
    (587,4,75),
    (587,5,60),
    (587,6,103),
    (588,1,50),
    (588,2,75),
    (588,3,45),
    (588,4,40),
    (588,5,45),
    (588,6,60),
    (589,1,70),
    (589,2,135),
    (589,3,105),
    (589,4,60),
    (589,5,105),
    (589,6,20),
    (590,1,69),
    (590,2,55),
    (590,3,45),
    (590,4,55),
    (590,5,55),
    (590,6,15),
    (591,1,114),
    (591,2,85),
    (591,3,70),
    (591,4,85),
    (591,5,80),
    (591,6,30),
    (592,1,55),
    (592,2,40),
    (592,3,50),
    (592,4,65),
    (592,5,85),
    (592,6,40),
    (593,1,100),
    (593,2,60),
    (593,3,70),
    (593,4,85),
    (593,5,105),
    (593,6,60),
    (594,1,165),
    (594,2,75),
    (594,3,80),
    (594,4,40),
    (594,5,45),
    (594,6,65),
    (595,1,50),
    (595,2,47),
    (595,3,50),
    (595,4,57),
    (595,5,50),
    (595,6,65),
    (596,1,70),
    (596,2,77),
    (596,3,60),
    (596,4,97),
    (596,5,60),
    (596,6,108),
    (597,1,44),
    (597,2,50),
    (597,3,91),
    (597,4,24),
    (597,5,86),
    (597,6,10),
    (598,1,74),
    (598,2,94),
    (598,3,131),
    (598,4,54),
    (598,5,116),
    (598,6,20),
    (599,1,40),
    (599,2,55),
    (599,3,70),
    (599,4,45),
    (599,5,60),
    (599,6,30),
    (600,1,60),
    (600,2,80),
    (600,3,95),
    (600,4,70),
    (600,5,85),
    (600,6,50),
    (601,1,60),
    (601,2,100),
    (601,3,115),
    (601,4,70),
    (601,5,85),
    (601,6,90),
    (602,1,35),
    (602,2,55),
    (602,3,40),
    (602,4,45),
    (602,5,40),
    (602,6,60),
    (603,1,65),
    (603,2,85),
    (603,3,70),
    (603,4,75),
    (603,5,70),
    (603,6,40),
    (604,1,85),
    (604,2,115),
    (604,3,80),
    (604,4,105),
    (604,5,80),
    (604,6,50),
    (605,1,55),
    (605,2,55),
    (605,3,55),
    (605,4,85),
    (605,5,55),
    (605,6,30),
    (606,1,75),
    (606,2,75),
    (606,3,75),
    (606,4,125),
    (606,5,95),
    (606,6,40),
    (607,1,50),
    (607,2,30),
    (607,3,55),
    (607,4,65),
    (607,5,55),
    (607,6,20),
    (608,1,60),
    (608,2,40),
    (608,3,60),
    (608,4,95),
    (608,5,60),
    (608,6,55),
    (609,1,60),
    (609,2,55),
    (609,3,90),
    (609,4,145),
    (609,5,90),
    (609,6,80),
    (610,1,46),
    (610,2,87),
    (610,3,60),
    (610,4,30),
    (610,5,40),
    (610,6,57),
    (611,1,66),
    (611,2,117),
    (611,3,70),
    (611,4,40),
    (611,5,50),
    (611,6,67),
    (612,1,76),
    (612,2,147),
    (612,3,90),
    (612,4,60),
    (612,5,70),
    (612,6,97),
    (613,1,55),
    (613,2,70),
    (613,3,40),
    (613,4,60),
    (613,5,40),
    (613,6,40),
    (614,1,95),
    (614,2,130),
    (614,3,80),
    (614,4,70),
    (614,5,80),
    (614,6,50),
    (615,1,80),
    (615,2,50),
    (615,3,50),
    (615,4,95),
    (615,5,135),
    (615,6,105),
    (616,1,50),
    (616,2,40),
    (616,3,85),
    (616,4,40),
    (616,5,65),
    (616,6,25),
    (617,1,80),
    (617,2,70),
    (617,3,40),
    (617,4,100),
    (617,5,60),
    (617,6,145),
    (618,1,109),
    (618,2,66),
    (618,3,84),
    (618,4,81),
    (618,5,99),
    (618,6,32),
    (619,1,45),
    (619,2,85),
    (619,3,50),
    (619,4,55),
    (619,5,50),
    (619,6,65),
    (620,1,65),
    (620,2,125),
    (620,3,60),
    (620,4,95),
    (620,5,60),
    (620,6,105),
    (621,1,77),
    (621,2,120),
    (621,3,90),
    (621,4,60),
    (621,5,90),
    (621,6,48),
    (622,1,59),
    (622,2,74),
    (622,3,50),
    (622,4,35),
    (622,5,50),
    (622,6,35),
    (623,1,89),
    (623,2,124),
    (623,3,80),
    (623,4,55),
    (623,5,80),
    (623,6,55),
    (624,1,45),
    (624,2,85),
    (624,3,70),
    (624,4,40),
    (624,5,40),
    (624,6,60),
    (625,1,65),
    (625,2,125),
    (625,3,100),
    (625,4,60),
    (625,5,70),
    (625,6,70),
    (626,1,95),
    (626,2,110),
    (626,3,95),
    (626,4,40),
    (626,5,95),
    (626,6,55),
    (627,1,70),
    (627,2,83),
    (627,3,50),
    (627,4,37),
    (627,5,50),
    (627,6,60),
    (628,1,100),
    (628,2,123),
    (628,3,75),
    (628,4,57),
    (628,5,75),
    (628,6,80),
    (629,1,70),
    (629,2,55),
    (629,3,75),
    (629,4,45),
    (629,5,65),
    (629,6,60),
    (630,1,110),
    (630,2,65),
    (630,3,105),
    (630,4,55),
    (630,5,95),
    (630,6,80),
    (631,1,85),
    (631,2,97),
    (631,3,66),
    (631,4,105),
    (631,5,66),
    (631,6,65),
    (632,1,58),
    (632,2,109),
    (632,3,112),
    (632,4,48),
    (632,5,48),
    (632,6,109),
    (633,1,52),
    (633,2,65),
    (633,3,50),
    (633,4,45),
    (633,5,50),
    (633,6,38),
    (634,1,72),
    (634,2,85),
    (634,3,70),
    (634,4,65),
    (634,5,70),
    (634,6,58),
    (635,1,92),
    (635,2,105),
    (635,3,90),
    (635,4,125),
    (635,5,90),
    (635,6,98),
    (636,1,55),
    (636,2,85),
    (636,3,55),
    (636,4,50),
    (636,5,55),
    (636,6,60),
    (637,1,85),
    (637,2,60),
    (637,3,65),
    (637,4,135),
    (637,5,105),
    (637,6,100),
    (638,1,91),
    (638,2,90),
    (638,3,129),
    (638,4,90),
    (638,5,72),
    (638,6,108),
    (639,1,91),
    (639,2,129),
    (639,3,90),
    (639,4,72),
    (639,5,90),
    (639,6,108),
    (640,1,91),
    (640,2,90),
    (640,3,72),
    (640,4,90),
    (640,5,129),
    (640,6,108),
    (641,1,79),
    (641,2,115),
    (641,3,70),
    (641,4,125),
    (641,5,80),
    (641,6,111),
    (642,1,79),
    (642,2,115),
    (642,3,70),
    (642,4,125),
    (642,5,80),
    (642,6,111),
    (643,1,100),
    (643,2,120),
    (643,3,100),
    (643,4,150),
    (643,5,120),
    (643,6,90),
    (644,1,100),
    (644,2,150),
    (644,3,120),
    (644,4,120),
    (644,5,100),
    (644,6,90),
    (645,1,89),
    (645,2,125),
    (645,3,90),
    (645,4,115),
    (645,5,80),
    (645,6,101),
    (646,1,125),
    (646,2,130),
    (646,3,90),
    (646,4,130),
    (646,5,90),
    (646,6,95),
    (647,1,91),
    (647,2,72),
    (647,3,90),
    (647,4,129),
    (647,5,90),
    (647,6,108),
    (648,1,100),
    (648,2,77),
    (648,3,77),
    (648,4,128),
    (648,5,128),
    (648,6,90),
    (649,1,71),
    (649,2,120),
    (649,3,95),
    (649,4,120),
    (649,5,95),
    (649,6,99),
    (650,1,56),
    (650,2,61),
    (650,3,65),
    (650,4,48),
    (650,5,45),
    (650,6,38),
    (651,1,61),
    (651,2,78),
    (651,3,95),
    (651,4,56),
    (651,5,58),
    (651,6,57),
    (652,1,88),
    (652,2,107),
    (652,3,122),
    (652,4,74),
    (652,5,75),
    (652,6,64),
    (653,1,40),
    (653,2,45),
    (653,3,40),
    (653,4,62),
    (653,5,60),
    (653,6,60),
    (654,1,59),
    (654,2,59),
    (654,3,58),
    (654,4,90),
    (654,5,70),
    (654,6,73),
    (655,1,75),
    (655,2,69),
    (655,3,72),
    (655,4,114),
    (655,5,100),
    (655,6,104),
    (656,1,41),
    (656,2,56),
    (656,3,40),
    (656,4,62),
    (656,5,44),
    (656,6,71),
    (657,1,54),
    (657,2,63),
    (657,3,52),
    (657,4,83),
    (657,5,56),
    (657,6,97),
    (658,1,72),
    (658,2,95),
    (658,3,67),
    (658,4,103),
    (658,5,71),
    (658,6,122),
    (659,1,38),
    (659,2,36),
    (659,3,38),
    (659,4,32),
    (659,5,36),
    (659,6,57),
    (660,1,85),
    (660,2,56),
    (660,3,77),
    (660,4,50),
    (660,5,77),
    (660,6,78),
    (661,1,45),
    (661,2,50),
    (661,3,43),
    (661,4,40),
    (661,5,38),
    (661,6,62),
    (662,1,62),
    (662,2,73),
    (662,3,55),
    (662,4,56),
    (662,5,52),
    (662,6,84),
    (663,1,78),
    (663,2,81),
    (663,3,71),
    (663,4,74),
    (663,5,69),
    (663,6,126),
    (664,1,38),
    (664,2,35),
    (664,3,40),
    (664,4,27),
    (664,5,25),
    (664,6,35),
    (665,1,45),
    (665,2,22),
    (665,3,60),
    (665,4,27),
    (665,5,30),
    (665,6,29),
    (666,1,80),
    (666,2,52),
    (666,3,50),
    (666,4,90),
    (666,5,50),
    (666,6,89),
    (667,1,62),
    (667,2,50),
    (667,3,58),
    (667,4,73),
    (667,5,54),
    (667,6,72),
    (668,1,86),
    (668,2,68),
    (668,3,72),
    (668,4,109),
    (668,5,66),
    (668,6,106),
    (669,1,44),
    (669,2,38),
    (669,3,39),
    (669,4,61),
    (669,5,79),
    (669,6,42),
    (670,1,54),
    (670,2,45),
    (670,3,47),
    (670,4,75),
    (670,5,98),
    (670,6,52),
    (671,1,78),
    (671,2,65),
    (671,3,68),
    (671,4,112),
    (671,5,154),
    (671,6,75),
    (672,1,66),
    (672,2,65),
    (672,3,48),
    (672,4,62),
    (672,5,57),
    (672,6,52),
    (673,1,123),
    (673,2,100),
    (673,3,62),
    (673,4,97),
    (673,5,81),
    (673,6,68),
    (674,1,67),
    (674,2,82),
    (674,3,62),
    (674,4,46),
    (674,5,48),
    (674,6,43),
    (675,1,95),
    (675,2,124),
    (675,3,78),
    (675,4,69),
    (675,5,71),
    (675,6,58),
    (676,1,75),
    (676,2,80),
    (676,3,60),
    (676,4,65),
    (676,5,90),
    (676,6,102),
    (677,1,62),
    (677,2,48),
    (677,3,54),
    (677,4,63),
    (677,5,60),
    (677,6,68),
    (678,1,74),
    (678,2,48),
    (678,3,76),
    (678,4,83),
    (678,5,81),
    (678,6,104),
    (679,1,45),
    (679,2,80),
    (679,3,100),
    (679,4,35),
    (679,5,37),
    (679,6,28),
    (680,1,59),
    (680,2,110),
    (680,3,150),
    (680,4,45),
    (680,5,49),
    (680,6,35),
    (681,1,60),
    (681,2,50),
    (681,3,150),
    (681,4,50),
    (681,5,150),
    (681,6,60),
    (682,1,78),
    (682,2,52),
    (682,3,60),
    (682,4,63),
    (682,5,65),
    (682,6,23),
    (683,1,101),
    (683,2,72),
    (683,3,72),
    (683,4,99),
    (683,5,89),
    (683,6,29),
    (684,1,62),
    (684,2,48),
    (684,3,66),
    (684,4,59),
    (684,5,57),
    (684,6,49),
    (685,1,82),
    (685,2,80),
    (685,3,86),
    (685,4,85),
    (685,5,75),
    (685,6,72),
    (686,1,53),
    (686,2,54),
    (686,3,53),
    (686,4,37),
    (686,5,46),
    (686,6,45),
    (687,1,86),
    (687,2,92),
    (687,3,88),
    (687,4,68),
    (687,5,75),
    (687,6,73),
    (688,1,42),
    (688,2,52),
    (688,3,67),
    (688,4,39),
    (688,5,56),
    (688,6,50),
    (689,1,72),
    (689,2,105),
    (689,3,115),
    (689,4,54),
    (689,5,86),
    (689,6,68),
    (690,1,50),
    (690,2,60),
    (690,3,60),
    (690,4,60),
    (690,5,60),
    (690,6,30),
    (691,1,65),
    (691,2,75),
    (691,3,90),
    (691,4,97),
    (691,5,123),
    (691,6,44),
    (692,1,50),
    (692,2,53),
    (692,3,62),
    (692,4,58),
    (692,5,63),
    (692,6,44),
    (693,1,71),
    (693,2,73),
    (693,3,88),
    (693,4,120),
    (693,5,89),
    (693,6,59),
    (694,1,44),
    (694,2,38),
    (694,3,33),
    (694,4,61),
    (694,5,43),
    (694,6,70),
    (695,1,62),
    (695,2,55),
    (695,3,52),
    (695,4,109),
    (695,5,94),
    (695,6,109),
    (696,1,58),
    (696,2,89),
    (696,3,77),
    (696,4,45),
    (696,5,45),
    (696,6,48),
    (697,1,82),
    (697,2,121),
    (697,3,119),
    (697,4,69),
    (697,5,59),
    (697,6,71),
    (698,1,77),
    (698,2,59),
    (698,3,50),
    (698,4,67),
    (698,5,63),
    (698,6,46),
    (699,1,123),
    (699,2,77),
    (699,3,72),
    (699,4,99),
    (699,5,92),
    (699,6,58),
    (700,1,95),
    (700,2,65),
    (700,3,65),
    (700,4,110),
    (700,5,130),
    (700,6,60),
    (701,1,78),
    (701,2,92),
    (701,3,75),
    (701,4,74),
    (701,5,63),
    (701,6,118),
    (702,1,67),
    (702,2,58),
    (702,3,57),
    (702,4,81),
    (702,5,67),
    (702,6,101),
    (703,1,50),
    (703,2,50),
    (703,3,150),
    (703,4,50),
    (703,5,150),
    (703,6,50),
    (704,1,45),
    (704,2,50),
    (704,3,35),
    (704,4,55),
    (704,5,75),
    (704,6,40),
    (705,1,68),
    (705,2,75),
    (705,3,53),
    (705,4,83),
    (705,5,113),
    (705,6,60),
    (706,1,90),
    (706,2,100),
    (706,3,70),
    (706,4,110),
    (706,5,150),
    (706,6,80),
    (707,1,57),
    (707,2,80),
    (707,3,91),
    (707,4,80),
    (707,5,87),
    (707,6,75),
    (708,1,43),
    (708,2,70),
    (708,3,48),
    (708,4,50),
    (708,5,60),
    (708,6,38),
    (709,1,85),
    (709,2,110),
    (709,3,76),
    (709,4,65),
    (709,5,82),
    (709,6,56),
    (710,1,49),
    (710,2,66),
    (710,3,70),
    (710,4,44),
    (710,5,55),
    (710,6,51),
    (711,1,65),
    (711,2,90),
    (711,3,122),
    (711,4,58),
    (711,5,75),
    (711,6,84),
    (712,1,55),
    (712,2,69),
    (712,3,85),
    (712,4,32),
    (712,5,35),
    (712,6,28),
    (713,1,95),
    (713,2,117),
    (713,3,184),
    (713,4,44),
    (713,5,46),
    (713,6,28),
    (714,1,40),
    (714,2,30),
    (714,3,35),
    (714,4,45),
    (714,5,40),
    (714,6,55),
    (715,1,85),
    (715,2,70),
    (715,3,80),
    (715,4,97),
    (715,5,80),
    (715,6,123),
    (716,1,126),
    (716,2,131),
    (716,3,95),
    (716,4,131),
    (716,5,98),
    (716,6,99),
    (717,1,126),
    (717,2,131),
    (717,3,95),
    (717,4,131),
    (717,5,98),
    (717,6,99),
    (718,1,108),
    (718,2,100),
    (718,3,121),
    (718,4,81),
    (718,5,95),
    (718,6,95),
    (719,1,50),
    (719,2,100),
    (719,3,150),
    (719,4,100),
    (719,5,150),
    (719,6,50),
    (720,1,80),
    (720,2,110),
    (720,3,60),
    (720,4,150),
    (720,5,130),
    (720,6,70),
    (721,1,80),
    (721,2,110),
    (721,3,120),
    (721,4,130),
    (721,5,90),
    (721,6,70),
    (722,1,68),
    (722,2,55),
    (722,3,55),
    (722,4,50),
    (722,5,50),
    (722,6,42),
    (723,1,78),
    (723,2,75),
    (723,3,75),
    (723,4,70),
    (723,5,70),
    (723,6,52),
    (724,1,78),
    (724,2,107),
    (724,3,75),
    (724,4,100),
    (724,5,100),
    (724,6,70),
    (725,1,45),
    (725,2,65),
    (725,3,40),
    (725,4,60),
    (725,5,40),
    (725,6,70),
    (726,1,65),
    (726,2,85),
    (726,3,50),
    (726,4,80),
    (726,5,50),
    (726,6,90),
    (727,1,95),
    (727,2,115),
    (727,3,90),
    (727,4,80),
    (727,5,90),
    (727,6,60),
    (728,1,50),
    (728,2,54),
    (728,3,54),
    (728,4,66),
    (728,5,56),
    (728,6,40),
    (729,1,60),
    (729,2,69),
    (729,3,69),
    (729,4,91),
    (729,5,81),
    (729,6,50),
    (730,1,80),
    (730,2,74),
    (730,3,74),
    (730,4,126),
    (730,5,116),
    (730,6,60),
    (731,1,35),
    (731,2,75),
    (731,3,30),
    (731,4,30),
    (731,5,30),
    (731,6,65),
    (732,1,55),
    (732,2,85),
    (732,3,50),
    (732,4,40),
    (732,5,50),
    (732,6,75),
    (733,1,80),
    (733,2,120),
    (733,3,75),
    (733,4,75),
    (733,5,75),
    (733,6,60),
    (734,1,48),
    (734,2,70),
    (734,3,30),
    (734,4,30),
    (734,5,30),
    (734,6,45),
    (735,1,88),
    (735,2,110),
    (735,3,60),
    (735,4,55),
    (735,5,60),
    (735,6,45),
    (736,1,47),
    (736,2,62),
    (736,3,45),
    (736,4,55),
    (736,5,45),
    (736,6,46),
    (737,1,57),
    (737,2,82),
    (737,3,95),
    (737,4,55),
    (737,5,75),
    (737,6,36),
    (738,1,77),
    (738,2,70),
    (738,3,90),
    (738,4,145),
    (738,5,75),
    (738,6,43),
    (739,1,47),
    (739,2,82),
    (739,3,57),
    (739,4,42),
    (739,5,47),
    (739,6,63),
    (740,1,97),
    (740,2,132),
    (740,3,77),
    (740,4,62),
    (740,5,67),
    (740,6,43),
    (741,1,75),
    (741,2,70),
    (741,3,70),
    (741,4,98),
    (741,5,70),
    (741,6,93),
    (742,1,40),
    (742,2,45),
    (742,3,40),
    (742,4,55),
    (742,5,40),
    (742,6,84),
    (743,1,60),
    (743,2,55),
    (743,3,60),
    (743,4,95),
    (743,5,70),
    (743,6,124),
    (744,1,45),
    (744,2,65),
    (744,3,40),
    (744,4,30),
    (744,5,40),
    (744,6,60),
    (745,1,75),
    (745,2,115),
    (745,3,65),
    (745,4,55),
    (745,5,65),
    (745,6,112),
    (746,1,45),
    (746,2,20),
    (746,3,20),
    (746,4,25),
    (746,5,25),
    (746,6,40),
    (747,1,50),
    (747,2,53),
    (747,3,62),
    (747,4,43),
    (747,5,52),
    (747,6,45),
    (748,1,50),
    (748,2,63),
    (748,3,152),
    (748,4,53),
    (748,5,142),
    (748,6,35),
    (749,1,70),
    (749,2,100),
    (749,3,70),
    (749,4,45),
    (749,5,55),
    (749,6,45),
    (750,1,100),
    (750,2,125),
    (750,3,100),
    (750,4,55),
    (750,5,85),
    (750,6,35),
    (751,1,38),
    (751,2,40),
    (751,3,52),
    (751,4,40),
    (751,5,72),
    (751,6,27),
    (752,1,68),
    (752,2,70),
    (752,3,92),
    (752,4,50),
    (752,5,132),
    (752,6,42),
    (753,1,40),
    (753,2,55),
    (753,3,35),
    (753,4,50),
    (753,5,35),
    (753,6,35),
    (754,1,70),
    (754,2,105),
    (754,3,90),
    (754,4,80),
    (754,5,90),
    (754,6,45),
    (755,1,40),
    (755,2,35),
    (755,3,55),
    (755,4,65),
    (755,5,75),
    (755,6,15),
    (756,1,60),
    (756,2,45),
    (756,3,80),
    (756,4,90),
    (756,5,100),
    (756,6,30),
    (757,1,48),
    (757,2,44),
    (757,3,40),
    (757,4,71),
    (757,5,40),
    (757,6,77),
    (758,1,68),
    (758,2,64),
    (758,3,60),
    (758,4,111),
    (758,5,60),
    (758,6,117),
    (759,1,70),
    (759,2,75),
    (759,3,50),
    (759,4,45),
    (759,5,50),
    (759,6,50),
    (760,1,120),
    (760,2,125),
    (760,3,80),
    (760,4,55),
    (760,5,60),
    (760,6,60),
    (761,1,42),
    (761,2,30),
    (761,3,38),
    (761,4,30),
    (761,5,38),
    (761,6,32),
    (762,1,52),
    (762,2,40),
    (762,3,48),
    (762,4,40),
    (762,5,48),
    (762,6,62),
    (763,1,72),
    (763,2,120),
    (763,3,98),
    (763,4,50),
    (763,5,98),
    (763,6,72),
    (764,1,51),
    (764,2,52),
    (764,3,90),
    (764,4,82),
    (764,5,110),
    (764,6,100),
    (765,1,90),
    (765,2,60),
    (765,3,80),
    (765,4,90),
    (765,5,110),
    (765,6,60),
    (766,1,100),
    (766,2,120),
    (766,3,90),
    (766,4,40),
    (766,5,60),
    (766,6,80),
    (767,1,25),
    (767,2,35),
    (767,3,40),
    (767,4,20),
    (767,5,30),
    (767,6,80),
    (768,1,75),
    (768,2,125),
    (768,3,140),
    (768,4,60),
    (768,5,90),
    (768,6,40),
    (769,1,55),
    (769,2,55),
    (769,3,80),
    (769,4,70),
    (769,5,45),
    (769,6,15),
    (770,1,85),
    (770,2,75),
    (770,3,110),
    (770,4,100),
    (770,5,75),
    (770,6,35),
    (771,1,55),
    (771,2,60),
    (771,3,130),
    (771,4,30),
    (771,5,130),
    (771,6,5),
    (772,1,95),
    (772,2,95),
    (772,3,95),
    (772,4,95),
    (772,5,95),
    (772,6,59),
    (773,1,95),
    (773,2,95),
    (773,3,95),
    (773,4,95),
    (773,5,95),
    (773,6,95),
    (774,1,60),
    (774,2,60),
    (774,3,100),
    (774,4,60),
    (774,5,100),
    (774,6,60),
    (775,1,65),
    (775,2,115),
    (775,3,65),
    (775,4,75),
    (775,5,95),
    (775,6,65),
    (776,1,60),
    (776,2,78),
    (776,3,135),
    (776,4,91),
    (776,5,85),
    (776,6,36),
    (777,1,65),
    (777,2,98),
    (777,3,63),
    (777,4,40),
    (777,5,73),
    (777,6,96),
    (778,1,55),
    (778,2,90),
    (778,3,80),
    (778,4,50),
    (778,5,105),
    (778,6,96),
    (779,1,68),
    (779,2,105),
    (779,3,70),
    (779,4,70),
    (779,5,70),
    (779,6,92),
    (780,1,78),
    (780,2,60),
    (780,3,85),
    (780,4,135),
    (780,5,91),
    (780,6,36),
    (781,1,70),
    (781,2,131),
    (781,3,100),
    (781,4,86),
    (781,5,90),
    (781,6,40),
    (782,1,45),
    (782,2,55),
    (782,3,65),
    (782,4,45),
    (782,5,45),
    (782,6,45),
    (783,1,55),
    (783,2,75),
    (783,3,90),
    (783,4,65),
    (783,5,70),
    (783,6,65),
    (784,1,75),
    (784,2,110),
    (784,3,125),
    (784,4,100),
    (784,5,105),
    (784,6,85),
    (785,1,70),
    (785,2,115),
    (785,3,85),
    (785,4,95),
    (785,5,75),
    (785,6,130),
    (786,1,70),
    (786,2,85),
    (786,3,75),
    (786,4,130),
    (786,5,115),
    (786,6,95),
    (787,1,70),
    (787,2,130),
    (787,3,115),
    (787,4,85),
    (787,5,95),
    (787,6,75),
    (788,1,70),
    (788,2,75),
    (788,3,115),
    (788,4,95),
    (788,5,130),
    (788,6,85),
    (789,1,43),
    (789,2,29),
    (789,3,31),
    (789,4,29),
    (789,5,31),
    (789,6,37),
    (790,1,43),
    (790,2,29),
    (790,3,131),
    (790,4,29),
    (790,5,131),
    (790,6,37),
    (791,1,137),
    (791,2,137),
    (791,3,107),
    (791,4,113),
    (791,5,89),
    (791,6,97),
    (792,1,137),
    (792,2,113),
    (792,3,89),
    (792,4,137),
    (792,5,107),
    (792,6,97),
    (793,1,109),
    (793,2,53),
    (793,3,47),
    (793,4,127),
    (793,5,131),
    (793,6,103),
    (794,1,107),
    (794,2,139),
    (794,3,139),
    (794,4,53),
    (794,5,53),
    (794,6,79),
    (795,1,71),
    (795,2,137),
    (795,3,37),
    (795,4,137),
    (795,5,37),
    (795,6,151),
    (796,1,83),
    (796,2,89),
    (796,3,71),
    (796,4,173),
    (796,5,71),
    (796,6,83),
    (797,1,97),
    (797,2,101),
    (797,3,103),
    (797,4,107),
    (797,5,101),
    (797,6,61),
    (798,1,59),
    (798,2,181),
    (798,3,131),
    (798,4,59),
    (798,5,31),
    (798,6,109),
    (799,1,223),
    (799,2,101),
    (799,3,53),
    (799,4,97),
    (799,5,53),
    (799,6,43),
    (800,1,97),
    (800,2,107),
    (800,3,101),
    (800,4,127),
    (800,5,89),
    (800,6,79),
    (801,1,80),
    (801,2,95),
    (801,3,115),
    (801,4,130),
    (801,5,115),
    (801,6,65),
    (802,1,90),
    (802,2,125),
    (802,3,80),
    (802,4,90),
    (802,5,90),
    (802,6,125),
    (803,1,67),
    (803,2,73),
    (803,3,67),
    (803,4,73),
    (803,5,67),
    (803,6,73),
    (804,1,73),
    (804,2,73),
    (804,3,73),
    (804,4,127),
    (804,5,73),
    (804,6,121),
    (805,1,61),
    (805,2,131),
    (805,3,211),
    (805,4,53),
    (805,5,101),
    (805,6,13),
    (806,1,53),
    (806,2,127),
    (806,3,53),
    (806,4,151),
    (806,5,79),
    (806,6,107),
    (807,1,88),
    (807,2,112),
    (807,3,75),
    (807,4,102),
    (807,5,80),
    (807,6,143),
    (10001,1,50),
    (10001,2,180),
    (10001,3,20),
    (10001,4,180),
    (10001,5,20),
    (10001,6,150),
    (10002,1,50),
    (10002,2,70),
    (10002,3,160),
    (10002,4,70),
    (10002,5,160),
    (10002,6,90),
    (10003,1,50),
    (10003,2,95),
    (10003,3,90),
    (10003,4,95),
    (10003,5,90),
    (10003,6,180),
    (10004,1,60),
    (10004,2,79),
    (10004,3,105),
    (10004,4,59),
    (10004,5,85),
    (10004,6,36),
    (10005,1,60),
    (10005,2,69),
    (10005,3,95),
    (10005,4,69),
    (10005,5,95),
    (10005,6,36),
    (10006,1,100),
    (10006,2,103),
    (10006,3,75),
    (10006,4,120),
    (10006,5,75),
    (10006,6,127),
    (10007,1,150),
    (10007,2,120),
    (10007,3,100),
    (10007,4,120),
    (10007,5,100),
    (10007,6,90),
    (10008,1,50),
    (10008,2,65),
    (10008,3,107),
    (10008,4,105),
    (10008,5,107),
    (10008,6,86),
    (10009,1,50),
    (10009,2,65),
    (10009,3,107),
    (10009,4,105),
    (10009,5,107),
    (10009,6,86),
    (10010,1,50),
    (10010,2,65),
    (10010,3,107),
    (10010,4,105),
    (10010,5,107),
    (10010,6,86),
    (10011,1,50),
    (10011,2,65),
    (10011,3,107),
    (10011,4,105),
    (10011,5,107),
    (10011,6,86),
    (10012,1,50),
    (10012,2,65),
    (10012,3,107),
    (10012,4,105),
    (10012,5,107),
    (10012,6,86),
    (10013,1,70),
    (10013,2,70),
    (10013,3,70),
    (10013,4,70),
    (10013,5,70),
    (10013,6,70),
    (10014,1,70),
    (10014,2,70),
    (10014,3,70),
    (10014,4,70),
    (10014,5,70),
    (10014,6,70),
    (10015,1,70),
    (10015,2,70),
    (10015,3,70),
    (10015,4,70),
    (10015,5,70),
    (10015,6,70),
    (10016,1,70),
    (10016,2,92),
    (10016,3,65),
    (10016,4,80),
    (10016,5,55),
    (10016,6,98),
    (10017,1,105),
    (10017,2,30),
    (10017,3,105),
    (10017,4,140),
    (10017,5,105),
    (10017,6,55),
    (10018,1,100),
    (10018,2,128),
    (10018,3,90),
    (10018,4,77),
    (10018,5,77),
    (10018,6,128),
    (10019,1,79),
    (10019,2,100),
    (10019,3,80),
    (10019,4,110),
    (10019,5,90),
    (10019,6,121),
    (10020,1,79),
    (10020,2,105),
    (10020,3,70),
    (10020,4,145),
    (10020,5,80),
    (10020,6,101),
    (10021,1,89),
    (10021,2,145),
    (10021,3,90),
    (10021,4,105),
    (10021,5,80),
    (10021,6,91),
    (10022,1,125),
    (10022,2,170),
    (10022,3,100),
    (10022,4,120),
    (10022,5,90),
    (10022,6,95),
    (10023,1,125),
    (10023,2,120),
    (10023,3,90),
    (10023,4,170),
    (10023,5,100),
    (10023,6,95),
    (10024,1,91),
    (10024,2,72),
    (10024,3,90),
    (10024,4,129),
    (10024,5,90),
    (10024,6,108),
    (10025,1,74),
    (10025,2,48),
    (10025,3,76),
    (10025,4,83),
    (10025,5,81),
    (10025,6,104),
    (10026,1,60),
    (10026,2,150),
    (10026,3,50),
    (10026,4,150),
    (10026,5,50),
    (10026,6,60),
    (10027,1,44),
    (10027,2,66),
    (10027,3,70),
    (10027,4,44),
    (10027,5,55),
    (10027,6,56),
    (10028,1,54),
    (10028,2,66),
    (10028,3,70),
    (10028,4,44),
    (10028,5,55),
    (10028,6,46),
    (10029,1,59),
    (10029,2,66),
    (10029,3,70),
    (10029,4,44),
    (10029,5,55),
    (10029,6,41),
    (10030,1,55),
    (10030,2,85),
    (10030,3,122),
    (10030,4,58),
    (10030,5,75),
    (10030,6,99),
    (10031,1,75),
    (10031,2,95),
    (10031,3,122),
    (10031,4,58),
    (10031,5,75),
    (10031,6,69),
    (10032,1,85),
    (10032,2,100),
    (10032,3,122),
    (10032,4,58),
    (10032,5,75),
    (10032,6,54),
    (10033,1,80),
    (10033,2,100),
    (10033,3,123),
    (10033,4,122),
    (10033,5,120),
    (10033,6,80),
    (10034,1,78),
    (10034,2,130),
    (10034,3,111),
    (10034,4,130),
    (10034,5,85),
    (10034,6,100),
    (10035,1,78),
    (10035,2,104),
    (10035,3,78),
    (10035,4,159),
    (10035,5,115),
    (10035,6,100),
    (10036,1,79),
    (10036,2,103),
    (10036,3,120),
    (10036,4,135),
    (10036,5,115),
    (10036,6,78),
    (10037,1,55),
    (10037,2,50),
    (10037,3,65),
    (10037,4,175),
    (10037,5,105),
    (10037,6,150),
    (10038,1,60),
    (10038,2,65),
    (10038,3,80),
    (10038,4,170),
    (10038,5,95),
    (10038,6,130),
    (10039,1,105),
    (10039,2,125),
    (10039,3,100),
    (10039,4,60),
    (10039,5,100),
    (10039,6,100),
    (10040,1,65),
    (10040,2,155),
    (10040,3,120),
    (10040,4,65),
    (10040,5,90),
    (10040,6,105),
    (10041,1,95),
    (10041,2,155),
    (10041,3,109),
    (10041,4,70),
    (10041,5,130),
    (10041,6,81),
    (10042,1,80),
    (10042,2,135),
    (10042,3,85),
    (10042,4,70),
    (10042,5,95),
    (10042,6,150),
    (10043,1,106),
    (10043,2,190),
    (10043,3,100),
    (10043,4,154),
    (10043,5,100),
    (10043,6,130),
    (10044,1,106),
    (10044,2,150),
    (10044,3,70),
    (10044,4,194),
    (10044,5,120),
    (10044,6,140),
    (10045,1,90),
    (10045,2,95),
    (10045,3,105),
    (10045,4,165),
    (10045,5,110),
    (10045,6,45),
    (10046,1,70),
    (10046,2,150),
    (10046,3,140),
    (10046,4,65),
    (10046,5,100),
    (10046,6,75),
    (10047,1,80),
    (10047,2,185),
    (10047,3,115),
    (10047,4,40),
    (10047,5,105),
    (10047,6,75),
    (10048,1,75),
    (10048,2,90),
    (10048,3,90),
    (10048,4,140),
    (10048,5,90),
    (10048,6,115),
    (10049,1,100),
    (10049,2,164),
    (10049,3,150),
    (10049,4,95),
    (10049,5,120),
    (10049,6,71),
    (10050,1,80),
    (10050,2,160),
    (10050,3,80),
    (10050,4,130),
    (10050,5,80),
    (10050,6,100),
    (10051,1,68),
    (10051,2,85),
    (10051,3,65),
    (10051,4,165),
    (10051,5,135),
    (10051,6,100),
    (10052,1,50),
    (10052,2,105),
    (10052,3,125),
    (10052,4,55),
    (10052,5,95),
    (10052,6,50),
    (10053,1,70),
    (10053,2,140),
    (10053,3,230),
    (10053,4,60),
    (10053,5,80),
    (10053,6,50),
    (10054,1,60),
    (10054,2,100),
    (10054,3,85),
    (10054,4,80),
    (10054,5,85),
    (10054,6,100),
    (10055,1,70),
    (10055,2,75),
    (10055,3,80),
    (10055,4,135),
    (10055,5,80),
    (10055,6,135),
    (10056,1,64),
    (10056,2,165),
    (10056,3,75),
    (10056,4,93),
    (10056,5,83),
    (10056,6,75),
    (10057,1,65),
    (10057,2,150),
    (10057,3,60),
    (10057,4,115),
    (10057,5,60),
    (10057,6,115),
    (10058,1,108),
    (10058,2,170),
    (10058,3,115),
    (10058,4,120),
    (10058,5,95),
    (10058,6,92),
    (10059,1,70),
    (10059,2,145),
    (10059,3,88),
    (10059,4,140),
    (10059,5,70),
    (10059,6,112),
    (10060,1,90),
    (10060,2,132),
    (10060,3,105),
    (10060,4,132),
    (10060,5,105),
    (10060,6,30),
    (10061,1,74),
    (10061,2,65),
    (10061,3,67),
    (10061,4,125),
    (10061,5,128),
    (10061,6,92),
    (10062,1,80),
    (10062,2,100),
    (10062,3,120),
    (10062,4,140),
    (10062,5,150),
    (10062,6,110),
    (10063,1,80),
    (10063,2,130),
    (10063,3,100),
    (10063,4,160),
    (10063,5,120),
    (10063,6,110),
    (10064,1,100),
    (10064,2,150),
    (10064,3,110),
    (10064,4,95),
    (10064,5,110),
    (10064,6,70),
    (10065,1,70),
    (10065,2,110),
    (10065,3,75),
    (10065,4,145),
    (10065,5,85),
    (10065,6,145),
    (10066,1,50),
    (10066,2,85),
    (10066,3,125),
    (10066,4,85),
    (10066,5,115),
    (10066,6,20),
    (10067,1,75),
    (10067,2,110),
    (10067,3,110),
    (10067,4,110),
    (10067,5,105),
    (10067,6,80),
    (10068,1,68),
    (10068,2,165),
    (10068,3,95),
    (10068,4,65),
    (10068,5,115),
    (10068,6,110),
    (10069,1,103),
    (10069,2,60),
    (10069,3,126),
    (10069,4,80),
    (10069,5,126),
    (10069,6,50),
    (10070,1,70),
    (10070,2,140),
    (10070,3,70),
    (10070,4,110),
    (10070,5,65),
    (10070,6,105),
    (10071,1,95),
    (10071,2,75),
    (10071,3,180),
    (10071,4,130),
    (10071,5,80),
    (10071,6,30),
    (10072,1,75),
    (10072,2,125),
    (10072,3,230),
    (10072,4,55),
    (10072,5,95),
    (10072,6,30),
    (10073,1,83),
    (10073,2,80),
    (10073,3,80),
    (10073,4,135),
    (10073,5,80),
    (10073,6,121),
    (10074,1,80),
    (10074,2,120),
    (10074,3,80),
    (10074,4,120),
    (10074,5,80),
    (10074,6,100),
    (10075,1,50),
    (10075,2,160),
    (10075,3,110),
    (10075,4,160),
    (10075,5,110),
    (10075,6,110),
    (10076,1,80),
    (10076,2,145),
    (10076,3,150),
    (10076,4,105),
    (10076,5,110),
    (10076,6,110),
    (10077,1,100),
    (10077,2,150),
    (10077,3,90),
    (10077,4,180),
    (10077,5,160),
    (10077,6,90),
    (10078,1,100),
    (10078,2,180),
    (10078,3,160),
    (10078,4,150),
    (10078,5,90),
    (10078,6,90),
    (10079,1,105),
    (10079,2,180),
    (10079,3,100),
    (10079,4,180),
    (10079,5,100),
    (10079,6,115),
    (10080,1,35),
    (10080,2,55),
    (10080,3,40),
    (10080,4,50),
    (10080,5,50),
    (10080,6,90),
    (10081,1,35),
    (10081,2,55),
    (10081,3,40),
    (10081,4,50),
    (10081,5,50),
    (10081,6,90),
    (10082,1,35),
    (10082,2,55),
    (10082,3,40),
    (10082,4,50),
    (10082,5,50),
    (10082,6,90),
    (10083,1,35),
    (10083,2,55),
    (10083,3,40),
    (10083,4,50),
    (10083,5,50),
    (10083,6,90),
    (10084,1,35),
    (10084,2,55),
    (10084,3,40),
    (10084,4,50),
    (10084,5,50),
    (10084,6,90),
    (10085,1,35),
    (10085,2,55),
    (10085,3,40),
    (10085,4,50),
    (10085,5,50),
    (10085,6,90),
    (10086,1,80),
    (10086,2,160),
    (10086,3,60),
    (10086,4,170),
    (10086,5,130),
    (10086,6,80),
    (10087,1,70),
    (10087,2,120),
    (10087,3,100),
    (10087,4,145),
    (10087,5,105),
    (10087,6,20),
    (10088,1,65),
    (10088,2,136),
    (10088,3,94),
    (10088,4,54),
    (10088,5,96),
    (10088,6,135),
    (10089,1,95),
    (10089,2,145),
    (10089,3,130),
    (10089,4,120),
    (10089,5,90),
    (10089,6,120),
    (10090,1,65),
    (10090,2,150),
    (10090,3,40),
    (10090,4,15),
    (10090,5,80),
    (10090,6,145),
    (10091,1,30),
    (10091,2,56),
    (10091,3,35),
    (10091,4,25),
    (10091,5,35),
    (10091,6,72),
    (10092,1,75),
    (10092,2,71),
    (10092,3,70),
    (10092,4,40),
    (10092,5,80),
    (10092,6,77),
    (10093,1,75),
    (10093,2,71),
    (10093,3,70),
    (10093,4,40),
    (10093,5,80),
    (10093,6,77),
    (10094,1,35),
    (10094,2,55),
    (10094,3,40),
    (10094,4,50),
    (10094,5,50),
    (10094,6,90),
    (10095,1,35),
    (10095,2,55),
    (10095,3,40),
    (10095,4,50),
    (10095,5,50),
    (10095,6,90),
    (10096,1,35),
    (10096,2,55),
    (10096,3,40),
    (10096,4,50),
    (10096,5,50),
    (10096,6,90),
    (10097,1,35),
    (10097,2,55),
    (10097,3,40),
    (10097,4,50),
    (10097,5,50),
    (10097,6,90),
    (10098,1,35),
    (10098,2,55),
    (10098,3,40),
    (10098,4,50),
    (10098,5,50),
    (10098,6,90),
    (10099,1,35),
    (10099,2,55),
    (10099,3,40),
    (10099,4,50),
    (10099,5,50),
    (10099,6,90),
    (10100,1,60),
    (10100,2,85),
    (10100,3,50),
    (10100,4,95),
    (10100,5,85),
    (10100,6,110),
    (10101,1,50),
    (10101,2,75),
    (10101,3,90),
    (10101,4,10),
    (10101,5,35),
    (10101,6,40),
    (10102,1,75),
    (10102,2,100),
    (10102,3,120),
    (10102,4,25),
    (10102,5,65),
    (10102,6,65),
    (10103,1,38),
    (10103,2,41),
    (10103,3,40),
    (10103,4,50),
    (10103,5,65),
    (10103,6,65),
    (10104,1,73),
    (10104,2,67),
    (10104,3,75),
    (10104,4,81),
    (10104,5,100),
    (10104,6,109),
    (10105,1,10),
    (10105,2,55),
    (10105,3,30),
    (10105,4,35),
    (10105,5,45),
    (10105,6,90),
    (10106,1,35),
    (10106,2,100),
    (10106,3,60),
    (10106,4,50),
    (10106,5,70),
    (10106,6,110),
    (10107,1,40),
    (10107,2,35),
    (10107,3,35),
    (10107,4,50),
    (10107,5,40),
    (10107,6,90),
    (10108,1,65),
    (10108,2,60),
    (10108,3,60),
    (10108,4,75),
    (10108,5,65),
    (10108,6,115),
    (10109,1,40),
    (10109,2,80),
    (10109,3,100),
    (10109,4,30),
    (10109,5,30),
    (10109,6,20),
    (10110,1,55),
    (10110,2,95),
    (10110,3,115),
    (10110,4,45),
    (10110,5,45),
    (10110,6,35),
    (10111,1,80),
    (10111,2,120),
    (10111,3,130),
    (10111,4,55),
    (10111,5,65),
    (10111,6,45),
    (10112,1,80),
    (10112,2,80),
    (10112,3,50),
    (10112,4,40),
    (10112,5,50),
    (10112,6,25),
    (10113,1,105),
    (10113,2,105),
    (10113,3,75),
    (10113,4,65),
    (10113,5,100),
    (10113,6,50),
    (10114,1,95),
    (10114,2,105),
    (10114,3,85),
    (10114,4,125),
    (10114,5,75),
    (10114,6,45),
    (10115,1,60),
    (10115,2,80),
    (10115,3,110),
    (10115,4,50),
    (10115,5,80),
    (10115,6,45),
    (10116,1,72),
    (10116,2,95),
    (10116,3,67),
    (10116,4,103),
    (10116,5,71),
    (10116,6,122),
    (10117,1,72),
    (10117,2,145),
    (10117,3,67),
    (10117,4,153),
    (10117,5,71),
    (10117,6,132),
    (10118,1,54),
    (10118,2,100),
    (10118,3,71),
    (10118,4,61),
    (10118,5,85),
    (10118,6,115),
    (10119,1,108),
    (10119,2,100),
    (10119,3,121),
    (10119,4,81),
    (10119,5,95),
    (10119,6,95),
    (10120,1,216),
    (10120,2,100),
    (10120,3,121),
    (10120,4,91),
    (10120,5,95),
    (10120,6,85),
    (10121,1,88),
    (10121,2,110),
    (10121,3,60),
    (10121,4,55),
    (10121,5,60),
    (10121,6,45),
    (10122,1,77),
    (10122,2,70),
    (10122,3,90),
    (10122,4,145),
    (10122,5,75),
    (10122,6,43),
    (10123,1,75),
    (10123,2,70),
    (10123,3,70),
    (10123,4,98),
    (10123,5,70),
    (10123,6,93),
    (10124,1,75),
    (10124,2,70),
    (10124,3,70),
    (10124,4,98),
    (10124,5,70),
    (10124,6,93),
    (10125,1,75),
    (10125,2,70),
    (10125,3,70),
    (10125,4,98),
    (10125,5,70),
    (10125,6,93),
    (10126,1,85),
    (10126,2,115),
    (10126,3,75),
    (10126,4,55),
    (10126,5,75),
    (10126,6,82),
    (10127,1,45),
    (10127,2,140),
    (10127,3,130),
    (10127,4,140),
    (10127,5,135),
    (10127,6,30),
    (10128,1,70),
    (10128,2,105),
    (10128,3,90),
    (10128,4,80),
    (10128,5,90),
    (10128,6,45),
    (10129,1,68),
    (10129,2,64),
    (10129,3,60),
    (10129,4,111),
    (10129,5,60),
    (10129,6,117),
    (10130,1,60),
    (10130,2,60),
    (10130,3,100),
    (10130,4,60),
    (10130,5,100),
    (10130,6,60),
    (10131,1,60),
    (10131,2,60),
    (10131,3,100),
    (10131,4,60),
    (10131,5,100),
    (10131,6,60),
    (10132,1,60),
    (10132,2,60),
    (10132,3,100),
    (10132,4,60),
    (10132,5,100),
    (10132,6,60),
    (10133,1,60),
    (10133,2,60),
    (10133,3,100),
    (10133,4,60),
    (10133,5,100),
    (10133,6,60),
    (10134,1,60),
    (10134,2,60),
    (10134,3,100),
    (10134,4,60),
    (10134,5,100),
    (10134,6,60),
    (10135,1,60),
    (10135,2,60),
    (10135,3,100),
    (10135,4,60),
    (10135,5,100),
    (10135,6,60),
    (10136,1,60),
    (10136,2,100),
    (10136,3,60),
    (10136,4,100),
    (10136,5,60),
    (10136,6,120),
    (10137,1,60),
    (10137,2,100),
    (10137,3,60),
    (10137,4,100),
    (10137,5,60),
    (10137,6,120),
    (10138,1,60),
    (10138,2,100),
    (10138,3,60),
    (10138,4,100),
    (10138,5,60),
    (10138,6,120),
    (10139,1,60),
    (10139,2,100),
    (10139,3,60),
    (10139,4,100),
    (10139,5,60),
    (10139,6,120),
    (10140,1,60),
    (10140,2,100),
    (10140,3,60),
    (10140,4,100),
    (10140,5,60),
    (10140,6,120),
    (10141,1,60),
    (10141,2,100),
    (10141,3,60),
    (10141,4,100),
    (10141,5,60),
    (10141,6,120),
    (10142,1,60),
    (10142,2,100),
    (10142,3,60),
    (10142,4,100),
    (10142,5,60),
    (10142,6,120),
    (10143,1,55),
    (10143,2,90),
    (10143,3,80),
    (10143,4,50),
    (10143,5,105),
    (10143,6,96),
    (10144,1,55),
    (10144,2,90),
    (10144,3,80),
    (10144,4,50),
    (10144,5,105),
    (10144,6,96),
    (10145,1,55),
    (10145,2,90),
    (10145,3,80),
    (10145,4,50),
    (10145,5,105),
    (10145,6,96),
    (10146,1,75),
    (10146,2,110),
    (10146,3,125),
    (10146,4,100),
    (10146,5,105),
    (10146,6,85),
    (10147,1,80),
    (10147,2,95),
    (10147,3,115),
    (10147,4,130),
    (10147,5,115),
    (10147,6,65),
    (10148,1,35),
    (10148,2,55),
    (10148,3,40),
    (10148,4,50),
    (10148,5,50),
    (10148,6,90),
    (10149,1,60),
    (10149,2,80),
    (10149,3,110),
    (10149,4,50),
    (10149,5,80),
    (10149,6,45),
    (10150,1,60),
    (10150,2,55),
    (10150,3,60),
    (10150,4,95),
    (10150,5,70),
    (10150,6,124),
    (10151,1,45),
    (10151,2,65),
    (10151,3,40),
    (10151,4,30),
    (10151,5,40),
    (10151,6,60),
    (10152,1,75),
    (10152,2,117),
    (10152,3,65),
    (10152,4,55),
    (10152,5,65),
    (10152,6,110),
    (10153,1,68),
    (10153,2,70),
    (10153,3,92),
    (10153,4,50),
    (10153,5,132),
    (10153,6,42),
    (10154,1,65),
    (10154,2,98),
    (10154,3,63),
    (10154,4,40),
    (10154,5,73),
    (10154,6,96),
    (10155,1,97),
    (10155,2,157),
    (10155,3,127),
    (10155,4,113),
    (10155,5,109),
    (10155,6,77),
    (10156,1,97),
    (10156,2,113),
    (10156,3,109),
    (10156,4,157),
    (10156,5,127),
    (10156,6,77),
    (10157,1,97),
    (10157,2,167),
    (10157,3,97),
    (10157,4,167),
    (10157,5,97),
    (10157,6,129);

insert into types (type_id, name) values
    (1, 'normal'),
    (2, 'fighting'),
    (3, 'flying'),
    (4, 'poison'),
    (5, 'ground'),
    (6, 'rock'),
    (7, 'bug'),
    (8, 'ghost'),
    (9, 'steel'),
    (10, 'fire'),
    (11, 'water'),
    (12, 'grass'),
    (13, 'electric'),
    (14, 'psychic'),
    (15, 'ice'),
    (16, 'dragon'),
    (17, 'dark'),
    (18, 'fairy'),
    (10001, 'unknown'),
    (10002, 'shadow');

insert into pokemon_types (pokemon_id, type_id) values 
    (1, 12),
    (1, 4),
    (2, 12),
    (2, 4),
    (3, 12),
    (3, 4),
    (4, 10),
    (5, 10),
    (6, 10),
    (6, 3),
    (7, 11),
    (8, 11),
    (9, 11),
    (10, 7),
    (11, 7),
    (12, 7),
    (12, 3),
    (13, 7),
    (13, 4),
    (14, 7),
    (14, 4),
    (15, 7),
    (15, 4),
    (16, 1),
    (16, 3),
    (17, 1),
    (17, 3),
    (18, 1),
    (18, 3),
    (19, 1),
    (20, 1),
    (21, 1),
    (21, 3),
    (22, 1),
    (22, 3),
    (23, 4),
    (24, 4),
    (25, 13),
    (26, 13),
    (27, 5),
    (28, 5),
    (29, 4),
    (30, 4),
    (31, 4),
    (31, 5),
    (32, 4),
    (33, 4),
    (34, 4),
    (34, 5),
    (35, 18),
    (36, 18),
    (37, 10),
    (38, 10),
    (39, 1),
    (39, 18),
    (40, 1),
    (40, 18),
    (41, 4),
    (41, 3),
    (42, 4),
    (42, 3),
    (43, 12),
    (43, 4),
    (44, 12),
    (44, 4),
    (45, 12),
    (45, 4),
    (46, 7),
    (46, 12),
    (47, 7),
    (47, 12),
    (48, 7),
    (48, 4),
    (49, 7),
    (49, 4),
    (50, 5),
    (51, 5),
    (52, 1),
    (53, 1),
    (54, 11),
    (55, 11),
    (56, 2),
    (57, 2),
    (58, 10),
    (59, 10),
    (60, 11),
    (61, 11),
    (62, 11),
    (62, 2),
    (63, 14),
    (64, 14),
    (65, 14),
    (66, 2),
    (67, 2),
    (68, 2),
    (69, 12),
    (69, 4),
    (70, 12),
    (70, 4),
    (71, 12),
    (71, 4),
    (72, 11),
    (72, 4),
    (73, 11),
    (73, 4),
    (74, 6),
    (74, 5),
    (75, 6),
    (75, 5),
    (76, 6),
    (76, 5),
    (77, 10),
    (78, 10),
    (79, 11),
    (79, 14),
    (80, 11),
    (80, 14),
    (81, 13),
    (81, 9),
    (82, 13),
    (82, 9),
    (83, 1),
    (83, 3),
    (84, 1),
    (84, 3),
    (85, 1),
    (85, 3),
    (86, 11),
    (87, 11),
    (87, 15),
    (88, 4),
    (89, 4),
    (90, 11),
    (91, 11),
    (91, 15),
    (92, 8),
    (92, 4),
    (93, 8),
    (93, 4),
    (94, 8),
    (94, 4),
    (95, 6),
    (95, 5),
    (96, 14),
    (97, 14),
    (98, 11),
    (99, 11),
    (100, 13),
    (101, 13),
    (102, 12),
    (102, 14),
    (103, 12),
    (103, 14),
    (104, 5),
    (105, 5),
    (106, 2),
    (107, 2),
    (108, 1),
    (109, 4),
    (110, 4),
    (111, 5),
    (111, 6),
    (112, 5),
    (112, 6),
    (113, 1),
    (114, 12),
    (115, 1),
    (116, 11),
    (117, 11),
    (118, 11),
    (119, 11),
    (120, 11),
    (121, 11),
    (121, 14),
    (122, 14),
    (122, 18),
    (123, 7),
    (123, 3),
    (124, 15),
    (124, 14),
    (125, 13),
    (126, 10),
    (127, 7),
    (128, 1),
    (129, 11),
    (130, 11),
    (130, 3),
    (131, 11),
    (131, 15),
    (132, 1),
    (133, 1),
    (134, 11),
    (135, 13),
    (136, 10),
    (137, 1),
    (138, 6),
    (138, 11),
    (139, 6),
    (139, 11),
    (140, 6),
    (140, 11),
    (141, 6),
    (141, 11),
    (142, 6),
    (142, 3),
    (143, 1),
    (144, 15),
    (144, 3),
    (145, 13),
    (145, 3),
    (146, 10),
    (146, 3),
    (147, 16),
    (148, 16),
    (149, 16),
    (149, 3),
    (150, 14),
    (151, 14),
    (152, 12),
    (153, 12),
    (154, 12),
    (155, 10),
    (156, 10),
    (157, 10),
    (158, 11),
    (159, 11),
    (160, 11),
    (161, 1),
    (162, 1),
    (163, 1),
    (163, 3),
    (164, 1),
    (164, 3),
    (165, 7),
    (165, 3),
    (166, 7),
    (166, 3),
    (167, 7),
    (167, 4),
    (168, 7),
    (168, 4),
    (169, 4),
    (169, 3),
    (170, 11),
    (170, 13),
    (171, 11),
    (171, 13),
    (172, 13),
    (173, 18),
    (174, 1),
    (174, 18),
    (175, 18),
    (176, 18),
    (176, 3),
    (177, 14),
    (177, 3),
    (178, 14),
    (178, 3),
    (179, 13),
    (180, 13),
    (181, 13),
    (182, 12),
    (183, 11),
    (183, 18),
    (184, 11),
    (184, 18),
    (185, 6),
    (186, 11),
    (187, 12),
    (187, 3),
    (188, 12),
    (188, 3),
    (189, 12),
    (189, 3),
    (190, 1),
    (191, 12),
    (192, 12),
    (193, 7),
    (193, 3),
    (194, 11),
    (194, 5),
    (195, 11),
    (195, 5),
    (196, 14),
    (197, 17),
    (198, 17),
    (198, 3),
    (199, 11),
    (199, 14),
    (200, 8),
    (201, 14),
    (202, 14),
    (203, 1),
    (203, 14),
    (204, 7),
    (205, 7),
    (205, 9),
    (206, 1),
    (207, 5),
    (207, 3),
    (208, 9),
    (208, 5),
    (209, 18),
    (210, 18),
    (211, 11),
    (211, 4),
    (212, 7),
    (212, 9),
    (213, 7),
    (213, 6),
    (214, 7),
    (214, 2),
    (215, 17),
    (215, 15),
    (216, 1),
    (217, 1),
    (218, 10),
    (219, 10),
    (219, 6),
    (220, 15),
    (220, 5),
    (221, 15),
    (221, 5),
    (222, 11),
    (222, 6),
    (223, 11),
    (224, 11),
    (225, 15),
    (225, 3),
    (226, 11),
    (226, 3),
    (227, 9),
    (227, 3),
    (228, 17),
    (228, 10),
    (229, 17),
    (229, 10),
    (230, 11),
    (230, 16),
    (231, 5),
    (232, 5),
    (233, 1),
    (234, 1),
    (235, 1),
    (236, 2),
    (237, 2),
    (238, 15),
    (238, 14),
    (239, 13),
    (240, 10),
    (241, 1),
    (242, 1),
    (243, 13),
    (244, 10),
    (245, 11),
    (246, 6),
    (246, 5),
    (247, 6),
    (247, 5),
    (248, 6),
    (248, 17),
    (249, 14),
    (249, 3),
    (250, 10),
    (250, 3),
    (251, 14),
    (251, 12),
    (252, 12),
    (253, 12),
    (254, 12),
    (255, 10),
    (256, 10),
    (256, 2),
    (257, 10),
    (257, 2),
    (258, 11),
    (259, 11),
    (259, 5),
    (260, 11),
    (260, 5),
    (261, 17),
    (262, 17),
    (263, 1),
    (264, 1),
    (265, 7),
    (266, 7),
    (267, 7),
    (267, 3),
    (268, 7),
    (269, 7),
    (269, 4),
    (270, 11),
    (270, 12),
    (271, 11),
    (271, 12),
    (272, 11),
    (272, 12),
    (273, 12),
    (274, 12),
    (274, 17),
    (275, 12),
    (275, 17),
    (276, 1),
    (276, 3),
    (277, 1),
    (277, 3),
    (278, 11),
    (278, 3),
    (279, 11),
    (279, 3),
    (280, 14),
    (280, 18),
    (281, 14),
    (281, 18),
    (282, 14),
    (282, 18),
    (283, 7),
    (283, 11),
    (284, 7),
    (284, 3),
    (285, 12),
    (286, 12),
    (286, 2),
    (287, 1),
    (288, 1),
    (289, 1),
    (290, 7),
    (290, 5),
    (291, 7),
    (291, 3),
    (292, 7),
    (292, 8),
    (293, 1),
    (294, 1),
    (295, 1),
    (296, 2),
    (297, 2),
    (298, 1),
    (298, 18),
    (299, 6),
    (300, 1),
    (301, 1),
    (302, 17),
    (302, 8),
    (303, 9),
    (303, 18),
    (304, 9),
    (304, 6),
    (305, 9),
    (305, 6),
    (306, 9),
    (306, 6),
    (307, 2),
    (307, 14),
    (308, 2),
    (308, 14),
    (309, 13),
    (310, 13),
    (311, 13),
    (312, 13),
    (313, 7),
    (314, 7),
    (315, 12),
    (315, 4),
    (316, 4),
    (317, 4),
    (318, 11),
    (318, 17),
    (319, 11),
    (319, 17),
    (320, 11),
    (321, 11),
    (322, 10),
    (322, 5),
    (323, 10),
    (323, 5),
    (324, 10),
    (325, 14),
    (326, 14),
    (327, 1),
    (328, 5),
    (329, 5),
    (329, 16),
    (330, 5),
    (330, 16),
    (331, 12),
    (332, 12),
    (332, 17),
    (333, 1),
    (333, 3),
    (334, 16),
    (334, 3),
    (335, 1),
    (336, 4),
    (337, 6),
    (337, 14),
    (338, 6),
    (338, 14),
    (339, 11),
    (339, 5),
    (340, 11),
    (340, 5),
    (341, 11),
    (342, 11),
    (342, 17),
    (343, 5),
    (343, 14),
    (344, 5),
    (344, 14),
    (345, 6),
    (345, 12),
    (346, 6),
    (346, 12),
    (347, 6),
    (347, 7),
    (348, 6),
    (348, 7),
    (349, 11),
    (350, 11),
    (351, 1),
    (352, 1),
    (353, 8),
    (354, 8),
    (355, 8),
    (356, 8),
    (357, 12),
    (357, 3),
    (358, 14),
    (359, 17),
    (360, 14),
    (361, 15),
    (362, 15),
    (363, 15),
    (363, 11),
    (364, 15),
    (364, 11),
    (365, 15),
    (365, 11),
    (366, 11),
    (367, 11),
    (368, 11),
    (369, 11),
    (369, 6),
    (370, 11),
    (371, 16),
    (372, 16),
    (373, 16),
    (373, 3),
    (374, 9),
    (374, 14),
    (375, 9),
    (375, 14),
    (376, 9),
    (376, 14),
    (377, 6),
    (378, 15),
    (379, 9),
    (380, 16),
    (380, 14),
    (381, 16),
    (381, 14),
    (382, 11),
    (383, 5),
    (384, 16),
    (384, 3),
    (385, 9),
    (385, 14),
    (386, 14),
    (387, 12),
    (388, 12),
    (389, 12),
    (389, 5),
    (390, 10),
    (391, 10),
    (391, 2),
    (392, 10),
    (392, 2),
    (393, 11),
    (394, 11),
    (395, 11),
    (395, 9),
    (396, 1),
    (396, 3),
    (397, 1),
    (397, 3),
    (398, 1),
    (398, 3),
    (399, 1),
    (400, 1),
    (400, 11),
    (401, 7),
    (402, 7),
    (403, 13),
    (404, 13),
    (405, 13),
    (406, 12),
    (406, 4),
    (407, 12),
    (407, 4),
    (408, 6),
    (409, 6),
    (410, 6),
    (410, 9),
    (411, 6),
    (411, 9),
    (412, 7),
    (413, 7),
    (413, 12),
    (414, 7),
    (414, 3),
    (415, 7),
    (415, 3),
    (416, 7),
    (416, 3),
    (417, 13),
    (418, 11),
    (419, 11),
    (420, 12),
    (421, 12),
    (422, 11),
    (423, 11),
    (423, 5),
    (424, 1),
    (425, 8),
    (425, 3),
    (426, 8),
    (426, 3),
    (427, 1),
    (428, 1),
    (429, 8),
    (430, 17),
    (430, 3),
    (431, 1),
    (432, 1),
    (433, 14),
    (434, 4),
    (434, 17),
    (435, 4),
    (435, 17),
    (436, 9),
    (436, 14),
    (437, 9),
    (437, 14),
    (438, 6),
    (439, 14),
    (439, 18),
    (440, 1),
    (441, 1),
    (441, 3),
    (442, 8),
    (442, 17),
    (443, 16),
    (443, 5),
    (444, 16),
    (444, 5),
    (445, 16),
    (445, 5),
    (446, 1),
    (447, 2),
    (448, 2),
    (448, 9),
    (449, 5),
    (450, 5),
    (451, 4),
    (451, 7),
    (452, 4),
    (452, 17),
    (453, 4),
    (453, 2),
    (454, 4),
    (454, 2),
    (455, 12),
    (456, 11),
    (457, 11),
    (458, 11),
    (458, 3),
    (459, 12),
    (459, 15),
    (460, 12),
    (460, 15),
    (461, 17),
    (461, 15),
    (462, 13),
    (462, 9),
    (463, 1),
    (464, 5),
    (464, 6),
    (465, 12),
    (466, 13),
    (467, 10),
    (468, 18),
    (468, 3),
    (469, 7),
    (469, 3),
    (470, 12),
    (471, 15),
    (472, 5),
    (472, 3),
    (473, 15),
    (473, 5),
    (474, 1),
    (475, 14),
    (475, 2),
    (476, 6),
    (476, 9),
    (477, 8),
    (478, 15),
    (478, 8),
    (479, 13),
    (479, 8),
    (480, 14),
    (481, 14),
    (482, 14),
    (483, 9),
    (483, 16),
    (484, 11),
    (484, 16),
    (485, 10),
    (485, 9),
    (486, 1),
    (487, 8),
    (487, 16),
    (488, 14),
    (489, 11),
    (490, 11),
    (491, 17),
    (492, 12),
    (493, 1),
    (494, 14),
    (494, 10),
    (495, 12),
    (496, 12),
    (497, 12),
    (498, 10),
    (499, 10),
    (499, 2),
    (500, 10),
    (500, 2),
    (501, 11),
    (502, 11),
    (503, 11),
    (504, 1),
    (505, 1),
    (506, 1),
    (507, 1),
    (508, 1),
    (509, 17),
    (510, 17),
    (511, 12),
    (512, 12),
    (513, 10),
    (514, 10),
    (515, 11),
    (516, 11),
    (517, 14),
    (518, 14),
    (519, 1),
    (519, 3),
    (520, 1),
    (520, 3),
    (521, 1),
    (521, 3),
    (522, 13),
    (523, 13),
    (524, 6),
    (525, 6),
    (526, 6),
    (527, 14),
    (527, 3),
    (528, 14),
    (528, 3),
    (529, 5),
    (530, 5),
    (530, 9),
    (531, 1),
    (532, 2),
    (533, 2),
    (534, 2),
    (535, 11),
    (536, 11),
    (536, 5),
    (537, 11),
    (537, 5),
    (538, 2),
    (539, 2),
    (540, 7),
    (540, 12),
    (541, 7),
    (541, 12),
    (542, 7),
    (542, 12),
    (543, 7),
    (543, 4),
    (544, 7),
    (544, 4),
    (545, 7),
    (545, 4),
    (546, 12),
    (546, 18),
    (547, 12),
    (547, 18),
    (548, 12),
    (549, 12),
    (550, 11),
    (551, 5),
    (551, 17),
    (552, 5),
    (552, 17),
    (553, 5),
    (553, 17),
    (554, 10),
    (555, 10),
    (556, 12),
    (557, 7),
    (557, 6),
    (558, 7),
    (558, 6),
    (559, 17),
    (559, 2),
    (560, 17),
    (560, 2),
    (561, 14),
    (561, 3),
    (562, 8),
    (563, 8),
    (564, 11),
    (564, 6),
    (565, 11),
    (565, 6),
    (566, 6),
    (566, 3),
    (567, 6),
    (567, 3),
    (568, 4),
    (569, 4),
    (570, 17),
    (571, 17),
    (572, 1),
    (573, 1),
    (574, 14),
    (575, 14),
    (576, 14),
    (577, 14),
    (578, 14),
    (579, 14),
    (580, 11),
    (580, 3),
    (581, 11),
    (581, 3),
    (582, 15),
    (583, 15),
    (584, 15),
    (585, 1),
    (585, 12),
    (586, 1),
    (586, 12),
    (587, 13),
    (587, 3),
    (588, 7),
    (589, 7),
    (589, 9),
    (590, 12),
    (590, 4),
    (591, 12),
    (591, 4),
    (592, 11),
    (592, 8),
    (593, 11),
    (593, 8),
    (594, 11),
    (595, 7),
    (595, 13),
    (596, 7),
    (596, 13),
    (597, 12),
    (597, 9),
    (598, 12),
    (598, 9),
    (599, 9),
    (600, 9),
    (601, 9),
    (602, 13),
    (603, 13),
    (604, 13),
    (605, 14),
    (606, 14),
    (607, 8),
    (607, 10),
    (608, 8),
    (608, 10),
    (609, 8),
    (609, 10),
    (610, 16),
    (611, 16),
    (612, 16),
    (613, 15),
    (614, 15),
    (615, 15),
    (616, 7),
    (617, 7),
    (618, 5),
    (618, 13),
    (619, 2),
    (620, 2),
    (621, 16),
    (622, 5),
    (622, 8),
    (623, 5),
    (623, 8),
    (624, 17),
    (624, 9),
    (625, 17),
    (625, 9),
    (626, 1),
    (627, 1),
    (627, 3),
    (628, 1),
    (628, 3),
    (629, 17),
    (629, 3),
    (630, 17),
    (630, 3),
    (631, 10),
    (632, 7),
    (632, 9),
    (633, 17),
    (633, 16),
    (634, 17),
    (634, 16),
    (635, 17),
    (635, 16),
    (636, 7),
    (636, 10),
    (637, 7),
    (637, 10),
    (638, 9),
    (638, 2),
    (639, 6),
    (639, 2),
    (640, 12),
    (640, 2),
    (641, 3),
    (642, 13),
    (642, 3),
    (643, 16),
    (643, 10),
    (644, 16),
    (644, 13),
    (645, 5),
    (645, 3),
    (646, 16),
    (646, 15),
    (647, 11),
    (647, 2),
    (648, 1),
    (648, 14),
    (649, 7),
    (649, 9),
    (650, 12),
    (651, 12),
    (652, 12),
    (652, 2),
    (653, 10),
    (654, 10),
    (655, 10),
    (655, 14),
    (656, 11),
    (657, 11),
    (658, 11),
    (658, 17),
    (659, 1),
    (660, 1),
    (660, 5),
    (661, 1),
    (661, 3),
    (662, 10),
    (662, 3),
    (663, 10),
    (663, 3),
    (664, 7),
    (665, 7),
    (666, 7),
    (666, 3),
    (667, 10),
    (667, 1),
    (668, 10),
    (668, 1),
    (669, 18),
    (670, 18),
    (671, 18),
    (672, 12),
    (673, 12),
    (674, 2),
    (675, 2),
    (675, 17),
    (676, 1),
    (677, 14),
    (678, 14),
    (679, 9),
    (679, 8),
    (680, 9),
    (680, 8),
    (681, 9),
    (681, 8),
    (682, 18),
    (683, 18),
    (684, 18),
    (685, 18),
    (686, 17),
    (686, 14),
    (687, 17),
    (687, 14),
    (688, 6),
    (688, 11),
    (689, 6),
    (689, 11),
    (690, 4),
    (690, 11),
    (691, 4),
    (691, 16),
    (692, 11),
    (693, 11),
    (694, 13),
    (694, 1),
    (695, 13),
    (695, 1),
    (696, 6),
    (696, 16),
    (697, 6),
    (697, 16),
    (698, 6),
    (698, 15),
    (699, 6),
    (699, 15),
    (700, 18),
    (701, 2),
    (701, 3),
    (702, 13),
    (702, 18),
    (703, 6),
    (703, 18),
    (704, 16),
    (705, 16),
    (706, 16),
    (707, 9),
    (707, 18),
    (708, 8),
    (708, 12),
    (709, 8),
    (709, 12),
    (710, 8),
    (710, 12),
    (711, 8),
    (711, 12),
    (712, 15),
    (713, 15),
    (714, 3),
    (714, 16),
    (715, 3),
    (715, 16),
    (716, 18),
    (717, 17),
    (717, 3),
    (718, 16),
    (718, 5),
    (719, 6),
    (719, 18),
    (720, 14),
    (720, 8),
    (721, 10),
    (721, 11),
    (722, 12),
    (722, 3),
    (723, 12),
    (723, 3),
    (724, 12),
    (724, 8),
    (725, 10),
    (726, 10),
    (727, 10),
    (727, 17),
    (728, 11),
    (729, 11),
    (730, 11),
    (730, 18),
    (731, 1),
    (731, 3),
    (732, 1),
    (732, 3),
    (733, 1),
    (733, 3),
    (734, 1),
    (735, 1),
    (736, 7),
    (737, 7),
    (737, 13),
    (738, 7),
    (738, 13),
    (739, 2),
    (740, 2),
    (740, 15),
    (741, 10),
    (741, 3),
    (742, 7),
    (742, 18),
    (743, 7),
    (743, 18),
    (744, 6),
    (745, 6),
    (746, 11),
    (747, 4),
    (747, 11),
    (748, 4),
    (748, 11),
    (749, 5),
    (750, 5),
    (751, 11),
    (751, 7),
    (752, 11),
    (752, 7),
    (753, 12),
    (754, 12),
    (755, 12),
    (755, 18),
    (756, 12),
    (756, 18),
    (757, 4),
    (757, 10),
    (758, 4),
    (758, 10),
    (759, 1),
    (759, 2),
    (760, 1),
    (760, 2),
    (761, 12),
    (762, 12),
    (763, 12),
    (764, 18),
    (765, 1),
    (765, 14),
    (766, 2),
    (767, 7),
    (767, 11),
    (768, 7),
    (768, 11),
    (769, 8),
    (769, 5),
    (770, 8),
    (770, 5),
    (771, 11),
    (772, 1),
    (773, 1),
    (774, 6),
    (774, 3),
    (775, 1),
    (776, 10),
    (776, 16),
    (777, 13),
    (777, 9),
    (778, 8),
    (778, 18),
    (779, 11),
    (779, 14),
    (780, 1),
    (780, 16),
    (781, 8),
    (781, 12),
    (782, 16),
    (783, 16),
    (783, 2),
    (784, 16),
    (784, 2),
    (785, 13),
    (785, 18),
    (786, 14),
    (786, 18),
    (787, 12),
    (787, 18),
    (788, 11),
    (788, 18),
    (789, 14),
    (790, 14),
    (791, 14),
    (791, 9),
    (792, 14),
    (792, 8),
    (793, 6),
    (793, 4),
    (794, 7),
    (794, 2),
    (795, 7),
    (795, 2),
    (796, 13),
    (797, 9),
    (797, 3),
    (798, 12),
    (798, 9),
    (799, 17),
    (799, 16),
    (800, 14),
    (801, 9),
    (801, 18),
    (802, 2),
    (802, 8),
    (803, 4),
    (804, 4),
    (804, 16),
    (805, 6),
    (805, 9),
    (806, 10),
    (806, 8),
    (807, 13),
    (10001, 14),
    (10002, 14),
    (10003, 14),
    (10004, 7),
    (10004, 5),
    (10005, 7),
    (10005, 9),
    (10006, 12),
    (10006, 3),
    (10007, 8),
    (10007, 16),
    (10008, 13),
    (10008, 10),
    (10009, 13),
    (10009, 11),
    (10010, 13),
    (10010, 15),
    (10011, 13),
    (10011, 3),
    (10012, 13),
    (10012, 12),
    (10013, 10),
    (10014, 11),
    (10015, 15),
    (10016, 11),
    (10017, 10),
    (10017, 14),
    (10018, 1),
    (10018, 2),
    (10019, 3),
    (10020, 13),
    (10020, 3),
    (10021, 5),
    (10021, 3),
    (10022, 16),
    (10022, 15),
    (10023, 16),
    (10023, 15),
    (10024, 11),
    (10024, 2),
    (10025, 14),
    (10026, 9),
    (10026, 8),
    (10027, 8),
    (10027, 12),
    (10028, 8),
    (10028, 12),
    (10029, 8),
    (10029, 12),
    (10030, 8),
    (10030, 12),
    (10031, 8),
    (10031, 12),
    (10032, 8),
    (10032, 12),
    (10033, 12),
    (10033, 4),
    (10034, 10),
    (10034, 16),
    (10035, 10),
    (10035, 3),
    (10036, 11),
    (10037, 14),
    (10038, 8),
    (10038, 4),
    (10039, 1),
    (10040, 7),
    (10040, 3),
    (10041, 11),
    (10041, 17),
    (10042, 6),
    (10042, 3),
    (10043, 14),
    (10043, 2),
    (10044, 14),
    (10045, 13),
    (10045, 16),
    (10046, 7),
    (10046, 9),
    (10047, 7),
    (10047, 2),
    (10048, 17),
    (10048, 10),
    (10049, 6),
    (10049, 17),
    (10050, 10),
    (10050, 2),
    (10051, 14),
    (10051, 18),
    (10052, 9),
    (10052, 18),
    (10053, 9),
    (10054, 2),
    (10054, 14),
    (10055, 13),
    (10056, 8),
    (10057, 17),
    (10058, 16),
    (10058, 5),
    (10059, 2),
    (10059, 9),
    (10060, 12),
    (10060, 15),
    (10061, 18),
    (10062, 16),
    (10062, 14),
    (10063, 16),
    (10063, 14),
    (10064, 11),
    (10064, 5),
    (10065, 12),
    (10065, 16),
    (10066, 17),
    (10066, 8),
    (10067, 16),
    (10067, 18),
    (10068, 14),
    (10068, 2),
    (10069, 1),
    (10069, 18),
    (10070, 11),
    (10070, 17),
    (10071, 11),
    (10071, 14),
    (10072, 9),
    (10072, 5),
    (10073, 1),
    (10073, 3),
    (10074, 15),
    (10075, 6),
    (10075, 18),
    (10076, 9),
    (10076, 14),
    (10077, 11),
    (10078, 5),
    (10078, 10),
    (10079, 16),
    (10079, 3),
    (10080, 13),
    (10081, 13),
    (10082, 13),
    (10083, 13),
    (10084, 13),
    (10085, 13),
    (10086, 14),
    (10086, 17),
    (10087, 10),
    (10087, 5),
    (10088, 1),
    (10088, 2),
    (10089, 16),
    (10089, 3),
    (10090, 7),
    (10090, 4),
    (10091, 17),
    (10091, 1),
    (10092, 17),
    (10092, 1),
    (10093, 17),
    (10093, 1),
    (10094, 13),
    (10095, 13),
    (10096, 13),
    (10097, 13),
    (10098, 13),
    (10099, 13),
    (10100, 13),
    (10100, 14),
    (10101, 15),
    (10101, 9),
    (10102, 15),
    (10102, 9),
    (10103, 15),
    (10104, 15),
    (10104, 18),
    (10105, 5),
    (10105, 9),
    (10106, 5),
    (10106, 9),
    (10107, 17),
    (10108, 17),
    (10109, 6),
    (10109, 13),
    (10110, 6),
    (10110, 13),
    (10111, 6),
    (10111, 13),
    (10112, 4),
    (10112, 17),
    (10113, 4),
    (10113, 17),
    (10114, 12),
    (10114, 16),
    (10115, 10),
    (10115, 8),
    (10116, 11),
    (10116, 17),
    (10117, 11),
    (10117, 17),
    (10118, 16),
    (10118, 5),
    (10119, 16),
    (10119, 5),
    (10120, 16),
    (10120, 5),
    (10121, 1),
    (10122, 7),
    (10122, 13),
    (10123, 13),
    (10123, 3),
    (10124, 14),
    (10124, 3),
    (10125, 8),
    (10125, 3),
    (10126, 6),
    (10127, 11),
    (10128, 12),
    (10129, 4),
    (10129, 10),
    (10130, 6),
    (10130, 3),
    (10131, 6),
    (10131, 3),
    (10132, 6),
    (10132, 3),
    (10133, 6),
    (10133, 3),
    (10134, 6),
    (10134, 3),
    (10135, 6),
    (10135, 3),
    (10136, 6),
    (10136, 3),
    (10137, 6),
    (10137, 3),
    (10138, 6),
    (10138, 3),
    (10139, 6),
    (10139, 3),
    (10140, 6),
    (10140, 3),
    (10141, 6),
    (10141, 3),
    (10142, 6),
    (10142, 3),
    (10143, 8),
    (10143, 18),
    (10144, 8),
    (10144, 18),
    (10145, 8),
    (10145, 18),
    (10146, 16),
    (10146, 2),
    (10147, 9),
    (10147, 18),
    (10148, 13),
    (10149, 10),
    (10149, 8),
    (10150, 7),
    (10150, 18),
    (10151, 6),
    (10152, 6),
    (10153, 11),
    (10153, 7),
    (10154, 13),
    (10154, 9),
    (10155, 14),
    (10155, 9),
    (10156, 14),
    (10156, 8),
    (10157, 14),
    (10157, 16);

insert into abilities (ability_id, name) values
    (1, 'stench'),
    (2, 'drizzle'),
    (3, 'speed-boost'),
    (4, 'battle-armor'),
    (5, 'sturdy'),
    (6, 'damp'),
    (7, 'limber'),
    (8, 'sand-veil'),
    (9, 'static'),
    (10, 'volt-absorb'),
    (11, 'water-absorb'),
    (12, 'oblivious'),
    (13, 'cloud-nine'),
    (14, 'compound-eyes'),
    (15, 'insomnia'),
    (16, 'color-change'),
    (17, 'immunity'),
    (18, 'flash-fire'),
    (19, 'shield-dust'),
    (20, 'own-tempo'),
    (21, 'suction-cups'),
    (22, 'intimidate'),
    (23, 'shadow-tag'),
    (24, 'rough-skin'),
    (25, 'wonder-guard'),
    (26, 'levitate'),
    (27, 'effect-spore'),
    (28, 'synchronize'),
    (29, 'clear-body'),
    (30, 'natural-cure'),
    (31, 'lightning-rod'),
    (32, 'serene-grace'),
    (33, 'swift-swim'),
    (34, 'chlorophyll'),
    (35, 'illuminate'),
    (36, 'trace'),
    (37, 'huge-power'),
    (38, 'poison-point'),
    (39, 'inner-focus'),
    (40, 'magma-armor'),
    (41, 'water-veil'),
    (42, 'magnet-pull'),
    (43, 'soundproof'),
    (44, 'rain-dish'),
    (45, 'sand-stream'),
    (46, 'pressure'),
    (47, 'thick-fat'),
    (48, 'early-bird'),
    (49, 'flame-body'),
    (50, 'run-away'),
    (51, 'keen-eye'),
    (52, 'hyper-cutter'),
    (53, 'pickup'),
    (54, 'truant'),
    (55, 'hustle'),
    (56, 'cute-charm'),
    (57, 'plus'),
    (58, 'minus'),
    (59, 'forecast'),
    (60, 'sticky-hold'),
    (61, 'shed-skin'),
    (62, 'guts'),
    (63, 'marvel-scale'),
    (64, 'liquid-ooze'),
    (65, 'overgrow'),
    (66, 'blaze'),
    (67, 'torrent'),
    (68, 'swarm'),
    (69, 'rock-head'),
    (70, 'drought'),
    (71, 'arena-trap'),
    (72, 'vital-spirit'),
    (73, 'white-smoke'),
    (74, 'pure-power'),
    (75, 'shell-armor'),
    (76, 'air-lock'),
    (77, 'tangled-feet'),
    (78, 'motor-drive'),
    (79, 'rivalry'),
    (80, 'steadfast'),
    (81, 'snow-cloak'),
    (82, 'gluttony'),
    (83, 'anger-point'),
    (84, 'unburden'),
    (85, 'heatproof'),
    (86, 'simple'),
    (87, 'dry-skin'),
    (88, 'download'),
    (89, 'iron-fist'),
    (90, 'poison-heal'),
    (91, 'adaptability'),
    (92, 'skill-link'),
    (93, 'hydration'),
    (94, 'solar-power'),
    (95, 'quick-feet'),
    (96, 'normalize'),
    (97, 'sniper'),
    (98, 'magic-guard'),
    (99, 'no-guard'),
    (100, 'stall'),
    (101, 'technician'),
    (102, 'leaf-guard'),
    (103, 'klutz'),
    (104, 'mold-breaker'),
    (105, 'super-luck'),
    (106, 'aftermath'),
    (107, 'anticipation'),
    (108, 'forewarn'),
    (109, 'unaware'),
    (110, 'tinted-lens'),
    (111, 'filter'),
    (112, 'slow-start'),
    (113, 'scrappy'),
    (114, 'storm-drain'),
    (115, 'ice-body'),
    (116, 'solid-rock'),
    (117, 'snow-warning'),
    (118, 'honey-gather'),
    (119, 'frisk'),
    (120, 'reckless'),
    (121, 'multitype'),
    (122, 'flower-gift'),
    (123, 'bad-dreams'),
    (124, 'pickpocket'),
    (125, 'sheer-force'),
    (126, 'contrary'),
    (127, 'unnerve'),
    (128, 'defiant'),
    (129, 'defeatist'),
    (130, 'cursed-body'),
    (131, 'healer'),
    (132, 'friend-guard'),
    (133, 'weak-armor'),
    (134, 'heavy-metal'),
    (135, 'light-metal'),
    (136, 'multiscale'),
    (137, 'toxic-boost'),
    (138, 'flare-boost'),
    (139, 'harvest'),
    (140, 'telepathy'),
    (141, 'moody'),
    (142, 'overcoat'),
    (143, 'poison-touch'),
    (144, 'regenerator'),
    (145, 'big-pecks'),
    (146, 'sand-rush'),
    (147, 'wonder-skin'),
    (148, 'analytic'),
    (149, 'illusion'),
    (150, 'imposter'),
    (151, 'infiltrator'),
    (152, 'mummy'),
    (153, 'moxie'),
    (154, 'justified'),
    (155, 'rattled'),
    (156, 'magic-bounce'),
    (157, 'sap-sipper'),
    (158, 'prankster'),
    (159, 'sand-force'),
    (160, 'iron-barbs'),
    (161, 'zen-mode'),
    (162, 'victory-star'),
    (163, 'turboblaze'),
    (164, 'teravolt'),
    (165, 'aroma-veil'),
    (166, 'flower-veil'),
    (167, 'cheek-pouch'),
    (168, 'protean'),
    (169, 'fur-coat'),
    (170, 'magician'),
    (171, 'bulletproof'),
    (172, 'competitive'),
    (173, 'strong-jaw'),
    (174, 'refrigerate'),
    (175, 'sweet-veil'),
    (176, 'stance-change'),
    (177, 'gale-wings'),
    (178, 'mega-launcher'),
    (179, 'grass-pelt'),
    (180, 'symbiosis'),
    (181, 'tough-claws'),
    (182, 'pixilate'),
    (183, 'gooey'),
    (184, 'aerilate'),
    (185, 'parental-bond'),
    (186, 'dark-aura'),
    (187, 'fairy-aura'),
    (188, 'aura-break'),
    (189, 'primordial-sea'),
    (190, 'desolate-land'),
    (191, 'delta-stream'),
    (192, 'stamina'),
    (193, 'wimp-out'),
    (194, 'emergency-exit'),
    (195, 'water-compaction'),
    (196, 'merciless'),
    (197, 'shields-down'),
    (198, 'stakeout'),
    (199, 'water-bubble'),
    (200, 'steelworker'),
    (201, 'berserk'),
    (202, 'slush-rush'),
    (203, 'long-reach'),
    (204, 'liquid-voice'),
    (205, 'triage'),
    (206, 'galvanize'),
    (207, 'surge-surfer'),
    (208, 'schooling'),
    (209, 'disguise'),
    (210, 'battle-bond'),
    (211, 'power-construct'),
    (212, 'corrosion'),
    (213, 'comatose'),
    (214, 'queenly-majesty'),
    (215, 'innards-out'),
    (216, 'dancer'),
    (217, 'battery'),
    (218, 'fluffy'),
    (219, 'dazzling'),
    (220, 'soul-heart'),
    (221, 'tangling-hair'),
    (222, 'receiver'),
    (223, 'power-of-alchemy'),
    (224, 'beast-boost'),
    (225, 'rks-system'),
    (226, 'electric-surge'),
    (227, 'psychic-surge'),
    (228, 'misty-surge'),
    (229, 'grassy-surge'),
    (230, 'full-metal-body'),
    (231, 'shadow-shield'),
    (232, 'prism-armor'),
    (233, 'neuroforce'),
    (10001, 'mountaineer'),
    (10002, 'wave-rider'),
    (10003, 'skater'),
    (10004, 'thrust'),
    (10005, 'perception'),
    (10006, 'parry'),
    (10007, 'instinct'),
    (10008, 'dodge'),
    (10009, 'jagged-edge'),
    (10010, 'frostbite'),
    (10011, 'tenacity'),
    (10012, 'pride'),
    (10013, 'deep-sleep'),
    (10014, 'power-nap'),
    (10015, 'spirit'),
    (10016, 'warm-blanket'),
    (10017, 'gulp'),
    (10018, 'herbivore'),
    (10019, 'sandpit'),
    (10020, 'hot-blooded'),
    (10021, 'medic'),
    (10022, 'life-force'),
    (10023, 'lunchbox'),
    (10024, 'nurse'),
    (10025, 'melee'),
    (10026, 'sponge'),
    (10027, 'bodyguard'),
    (10028, 'hero'),
    (10029, 'last-bastion'),
    (10030, 'stealth'),
    (10031, 'vanguard'),
    (10032, 'nomad'),
    (10033, 'sequence'),
    (10034, 'grass-cloak'),
    (10035, 'celebrate'),
    (10036, 'lullaby'),
    (10037, 'calming'),
    (10038, 'daze'),
    (10039, 'frighten'),
    (10040, 'interference'),
    (10041, 'mood-maker'),
    (10042, 'confidence'),
    (10043, 'fortune'),
    (10044, 'bonanza'),
    (10045, 'explode'),
    (10046, 'omnipotent'),
    (10047, 'share'),
    (10048, 'black-hole'),
    (10049, 'shadow-dash'),
    (10050, 'sprint'),
    (10051, 'disgust'),
    (10052, 'high-rise'),
    (10053, 'climber'),
    (10054, 'flame-boost'),
    (10055, 'aqua-boost'),
    (10056, 'run-up'),
    (10057, 'conqueror'),
    (10058, 'shackle'),
    (10059, 'decoy'),
    (10060, 'shield');

insert into pokemon_abilities (pokemon_id, ability_id) values
    (1, 65),
    (1, 34),
    (2, 65),
    (2, 34),
    (3, 65),
    (3, 34),
    (4, 66),
    (4, 94),
    (5, 66),
    (5, 94),
    (6, 66),
    (6, 94),
    (7, 67),
    (7, 44),
    (8, 67),
    (8, 44),
    (9, 67),
    (9, 44),
    (10, 19),
    (10, 50),
    (11, 61),
    (12, 14),
    (12, 110),
    (13, 19),
    (13, 50),
    (14, 61),
    (15, 68),
    (15, 97),
    (16, 51),
    (16, 77),
    (16, 145),
    (17, 51),
    (17, 77),
    (17, 145),
    (18, 51),
    (18, 77),
    (18, 145),
    (19, 50),
    (19, 62),
    (19, 55),
    (20, 50),
    (20, 62),
    (20, 55),
    (21, 51),
    (21, 97),
    (22, 51),
    (22, 97),
    (23, 22),
    (23, 61),
    (23, 127),
    (24, 22),
    (24, 61),
    (24, 127),
    (25, 9),
    (25, 31),
    (26, 9),
    (26, 31),
    (27, 8),
    (27, 146),
    (28, 8),
    (28, 146),
    (29, 38),
    (29, 79),
    (29, 55),
    (30, 38),
    (30, 79),
    (30, 55),
    (31, 38),
    (31, 79),
    (31, 125),
    (32, 38),
    (32, 79),
    (32, 55),
    (33, 38),
    (33, 79),
    (33, 55),
    (34, 38),
    (34, 79),
    (34, 125),
    (35, 56),
    (35, 98),
    (35, 132),
    (36, 56),
    (36, 98),
    (36, 109),
    (37, 18),
    (37, 70),
    (38, 18),
    (38, 70),
    (39, 56),
    (39, 172),
    (39, 132),
    (40, 56),
    (40, 172),
    (40, 119),
    (41, 39),
    (41, 151),
    (42, 39),
    (42, 151),
    (43, 34),
    (43, 50),
    (44, 34),
    (44, 1),
    (45, 34),
    (45, 27),
    (46, 27),
    (46, 87),
    (46, 6),
    (47, 27),
    (47, 87),
    (47, 6),
    (48, 14),
    (48, 110),
    (48, 50),
    (49, 19),
    (49, 110),
    (49, 147),
    (50, 8),
    (50, 71),
    (50, 159),
    (51, 8),
    (51, 71),
    (51, 159),
    (52, 53),
    (52, 101),
    (52, 127),
    (53, 7),
    (53, 101),
    (53, 127),
    (54, 6),
    (54, 13),
    (54, 33),
    (55, 6),
    (55, 13),
    (55, 33),
    (56, 72),
    (56, 83),
    (56, 128),
    (57, 72),
    (57, 83),
    (57, 128),
    (58, 22),
    (58, 18),
    (58, 154),
    (59, 22),
    (59, 18),
    (59, 154),
    (60, 11),
    (60, 6),
    (60, 33),
    (61, 11),
    (61, 6),
    (61, 33),
    (62, 11),
    (62, 6),
    (62, 33),
    (63, 28),
    (63, 39),
    (63, 98),
    (64, 28),
    (64, 39),
    (64, 98),
    (65, 28),
    (65, 39),
    (65, 98),
    (66, 62),
    (66, 99),
    (66, 80),
    (67, 62),
    (67, 99),
    (67, 80),
    (68, 62),
    (68, 99),
    (68, 80),
    (69, 34),
    (69, 82),
    (70, 34),
    (70, 82),
    (71, 34),
    (71, 82),
    (72, 29),
    (72, 64),
    (72, 44),
    (73, 29),
    (73, 64),
    (73, 44),
    (74, 69),
    (74, 5),
    (74, 8),
    (75, 69),
    (75, 5),
    (75, 8),
    (76, 69),
    (76, 5),
    (76, 8),
    (77, 50),
    (77, 18),
    (77, 49),
    (78, 50),
    (78, 18),
    (78, 49),
    (79, 12),
    (79, 20),
    (79, 144),
    (80, 12),
    (80, 20),
    (80, 144),
    (81, 42),
    (81, 5),
    (81, 148),
    (82, 42),
    (82, 5),
    (82, 148),
    (83, 51),
    (83, 39),
    (83, 128),
    (84, 50),
    (84, 48),
    (84, 77),
    (85, 50),
    (85, 48),
    (85, 77),
    (86, 47),
    (86, 93),
    (86, 115),
    (87, 47),
    (87, 93),
    (87, 115),
    (88, 1),
    (88, 60),
    (88, 143),
    (89, 1),
    (89, 60),
    (89, 143),
    (90, 75),
    (90, 92),
    (90, 142),
    (91, 75),
    (91, 92),
    (91, 142),
    (92, 26),
    (93, 26),
    (94, 130),
    (95, 69),
    (95, 5),
    (95, 133),
    (96, 15),
    (96, 108),
    (96, 39),
    (97, 15),
    (97, 108),
    (97, 39),
    (98, 52),
    (98, 75),
    (98, 125),
    (99, 52),
    (99, 75),
    (99, 125),
    (100, 43),
    (100, 9),
    (100, 106),
    (101, 43),
    (101, 9),
    (101, 106),
    (102, 34),
    (102, 139),
    (103, 34),
    (103, 139),
    (104, 69),
    (104, 31),
    (104, 4),
    (105, 69),
    (105, 31),
    (105, 4),
    (106, 7),
    (106, 120),
    (106, 84),
    (107, 51),
    (107, 89),
    (107, 39),
    (108, 20),
    (108, 12),
    (108, 13),
    (109, 26),
    (110, 26),
    (111, 31),
    (111, 69),
    (111, 120),
    (112, 31),
    (112, 69),
    (112, 120),
    (113, 30),
    (113, 32),
    (113, 131),
    (114, 34),
    (114, 102),
    (114, 144),
    (115, 48),
    (115, 113),
    (115, 39),
    (116, 33),
    (116, 97),
    (116, 6),
    (117, 38),
    (117, 97),
    (117, 6),
    (118, 33),
    (118, 41),
    (118, 31),
    (119, 33),
    (119, 41),
    (119, 31),
    (120, 35),
    (120, 30),
    (120, 148),
    (121, 35),
    (121, 30),
    (121, 148),
    (122, 43),
    (122, 111),
    (122, 101),
    (123, 68),
    (123, 101),
    (123, 80),
    (124, 12),
    (124, 108),
    (124, 87),
    (125, 9),
    (125, 72),
    (126, 49),
    (126, 72),
    (127, 52),
    (127, 104),
    (127, 153),
    (128, 22),
    (128, 83),
    (128, 125),
    (129, 33),
    (129, 155),
    (130, 22),
    (130, 153),
    (131, 11),
    (131, 75),
    (131, 93),
    (132, 7),
    (132, 150),
    (133, 50),
    (133, 91),
    (133, 107),
    (134, 11),
    (134, 93),
    (135, 10),
    (135, 95),
    (136, 18),
    (136, 62),
    (137, 36),
    (137, 88),
    (137, 148),
    (138, 33),
    (138, 75),
    (138, 133),
    (139, 33),
    (139, 75),
    (139, 133),
    (140, 33),
    (140, 4),
    (140, 133),
    (141, 33),
    (141, 4),
    (141, 133),
    (142, 69),
    (142, 46),
    (142, 127),
    (143, 17),
    (143, 47),
    (143, 82),
    (144, 46),
    (144, 81),
    (145, 46),
    (145, 9),
    (146, 46),
    (146, 49),
    (147, 61),
    (147, 63),
    (148, 61),
    (148, 63),
    (149, 39),
    (149, 136),
    (150, 46),
    (150, 127),
    (151, 28),
    (152, 65),
    (152, 102),
    (153, 65),
    (153, 102),
    (154, 65),
    (154, 102),
    (155, 66),
    (155, 18),
    (156, 66),
    (156, 18),
    (157, 66),
    (157, 18),
    (158, 67),
    (158, 125),
    (159, 67),
    (159, 125),
    (160, 67),
    (160, 125),
    (161, 50),
    (161, 51),
    (161, 119),
    (162, 50),
    (162, 51),
    (162, 119),
    (163, 15),
    (163, 51),
    (163, 110),
    (164, 15),
    (164, 51),
    (164, 110),
    (165, 68),
    (165, 48),
    (165, 155),
    (166, 68),
    (166, 48),
    (166, 89),
    (167, 68),
    (167, 15),
    (167, 97),
    (168, 68),
    (168, 15),
    (168, 97),
    (169, 39),
    (169, 151),
    (170, 10),
    (170, 35),
    (170, 11),
    (171, 10),
    (171, 35),
    (171, 11),
    (172, 9),
    (172, 31),
    (173, 56),
    (173, 98),
    (173, 132),
    (174, 56),
    (174, 172),
    (174, 132),
    (175, 55),
    (175, 32),
    (175, 105),
    (176, 55),
    (176, 32),
    (176, 105),
    (177, 28),
    (177, 48),
    (177, 156),
    (178, 28),
    (178, 48),
    (178, 156),
    (179, 9),
    (179, 57),
    (180, 9),
    (180, 57),
    (181, 9),
    (181, 57),
    (182, 34),
    (182, 131),
    (183, 47),
    (183, 37),
    (183, 157),
    (184, 47),
    (184, 37),
    (184, 157),
    (185, 5),
    (185, 69),
    (185, 155),
    (186, 11),
    (186, 6),
    (186, 2),
    (187, 34),
    (187, 102),
    (187, 151),
    (188, 34),
    (188, 102),
    (188, 151),
    (189, 34),
    (189, 102),
    (189, 151),
    (190, 50),
    (190, 53),
    (190, 92),
    (191, 34),
    (191, 94),
    (191, 48),
    (192, 34),
    (192, 94),
    (192, 48),
    (193, 3),
    (193, 14),
    (193, 119),
    (194, 6),
    (194, 11),
    (194, 109),
    (195, 6),
    (195, 11),
    (195, 109),
    (196, 28),
    (196, 156),
    (197, 28),
    (197, 39),
    (198, 15),
    (198, 105),
    (198, 158),
    (199, 12),
    (199, 20),
    (199, 144),
    (200, 26),
    (201, 26),
    (202, 23),
    (202, 140),
    (203, 39),
    (203, 48),
    (203, 157),
    (204, 5),
    (204, 142),
    (205, 5),
    (205, 142),
    (206, 32),
    (206, 50),
    (206, 155),
    (207, 52),
    (207, 8),
    (207, 17),
    (208, 69),
    (208, 5),
    (208, 125),
    (209, 22),
    (209, 50),
    (209, 155),
    (210, 22),
    (210, 95),
    (210, 155),
    (211, 38),
    (211, 33),
    (211, 22),
    (212, 68),
    (212, 101),
    (212, 135),
    (213, 5),
    (213, 82),
    (213, 126),
    (214, 68),
    (214, 62),
    (214, 153),
    (215, 39),
    (215, 51),
    (215, 124),
    (216, 53),
    (216, 95),
    (216, 118),
    (217, 62),
    (217, 95),
    (217, 127),
    (218, 40),
    (218, 49),
    (218, 133),
    (219, 40),
    (219, 49),
    (219, 133),
    (220, 12),
    (220, 81),
    (220, 47),
    (221, 12),
    (221, 81),
    (221, 47),
    (222, 55),
    (222, 30),
    (222, 144),
    (223, 55),
    (223, 97),
    (223, 141),
    (224, 21),
    (224, 97),
    (224, 141),
    (225, 72),
    (225, 55),
    (225, 15),
    (226, 33),
    (226, 11),
    (226, 41),
    (227, 51),
    (227, 5),
    (227, 133),
    (228, 48),
    (228, 18),
    (228, 127),
    (229, 48),
    (229, 18),
    (229, 127),
    (230, 33),
    (230, 97),
    (230, 6),
    (231, 53),
    (231, 8),
    (232, 5),
    (232, 8),
    (233, 36),
    (233, 88),
    (233, 148),
    (234, 22),
    (234, 119),
    (234, 157),
    (235, 20),
    (235, 101),
    (235, 141),
    (236, 62),
    (236, 80),
    (236, 72),
    (237, 22),
    (237, 101),
    (237, 80),
    (238, 12),
    (238, 108),
    (238, 93),
    (239, 9),
    (239, 72),
    (240, 49),
    (240, 72),
    (241, 47),
    (241, 113),
    (241, 157),
    (242, 30),
    (242, 32),
    (242, 131),
    (243, 46),
    (243, 39),
    (244, 46),
    (244, 39),
    (245, 46),
    (245, 39),
    (246, 62),
    (246, 8),
    (247, 61),
    (248, 45),
    (248, 127),
    (249, 46),
    (249, 136),
    (250, 46),
    (250, 144),
    (251, 30),
    (252, 65),
    (252, 84),
    (253, 65),
    (253, 84),
    (254, 65),
    (254, 84),
    (255, 66),
    (255, 3),
    (256, 66),
    (256, 3),
    (257, 66),
    (257, 3),
    (258, 67),
    (258, 6),
    (259, 67),
    (259, 6),
    (260, 67),
    (260, 6),
    (261, 50),
    (261, 95),
    (261, 155),
    (262, 22),
    (262, 95),
    (262, 153),
    (263, 53),
    (263, 82),
    (263, 95),
    (264, 53),
    (264, 82),
    (264, 95),
    (265, 19),
    (265, 50),
    (266, 61),
    (267, 68),
    (267, 79),
    (268, 61),
    (269, 19),
    (269, 14),
    (270, 33),
    (270, 44),
    (270, 20),
    (271, 33),
    (271, 44),
    (271, 20),
    (272, 33),
    (272, 44),
    (272, 20),
    (273, 34),
    (273, 48),
    (273, 124),
    (274, 34),
    (274, 48),
    (274, 124),
    (275, 34),
    (275, 48),
    (275, 124),
    (276, 62),
    (276, 113),
    (277, 62),
    (277, 113),
    (278, 51),
    (278, 93),
    (278, 44),
    (279, 51),
    (279, 2),
    (279, 44),
    (280, 28),
    (280, 36),
    (280, 140),
    (281, 28),
    (281, 36),
    (281, 140),
    (282, 28),
    (282, 36),
    (282, 140),
    (283, 33),
    (283, 44),
    (284, 22),
    (284, 127),
    (285, 27),
    (285, 90),
    (285, 95),
    (286, 27),
    (286, 90),
    (286, 101),
    (287, 54),
    (288, 72),
    (289, 54),
    (290, 14),
    (290, 50),
    (291, 3),
    (291, 151),
    (292, 25),
    (293, 43),
    (293, 155),
    (294, 43),
    (294, 113),
    (295, 43),
    (295, 113),
    (296, 47),
    (296, 62),
    (296, 125),
    (297, 47),
    (297, 62),
    (297, 125),
    (298, 47),
    (298, 37),
    (298, 157),
    (299, 5),
    (299, 42),
    (299, 159),
    (300, 56),
    (300, 96),
    (300, 147),
    (301, 56),
    (301, 96),
    (301, 147),
    (302, 51),
    (302, 100),
    (302, 158),
    (303, 52),
    (303, 22),
    (303, 125),
    (304, 5),
    (304, 69),
    (304, 134),
    (305, 5),
    (305, 69),
    (305, 134),
    (306, 5),
    (306, 69),
    (306, 134),
    (307, 74),
    (307, 140),
    (308, 74),
    (308, 140),
    (309, 9),
    (309, 31),
    (309, 58),
    (310, 9),
    (310, 31),
    (310, 58),
    (311, 57),
    (311, 31),
    (312, 58),
    (312, 10),
    (313, 35),
    (313, 68),
    (313, 158),
    (314, 12),
    (314, 110),
    (314, 158),
    (315, 30),
    (315, 38),
    (315, 102),
    (316, 64),
    (316, 60),
    (316, 82),
    (317, 64),
    (317, 60),
    (317, 82),
    (318, 24),
    (318, 3),
    (319, 24),
    (319, 3),
    (320, 41),
    (320, 12),
    (320, 46),
    (321, 41),
    (321, 12),
    (321, 46),
    (322, 12),
    (322, 86),
    (322, 20),
    (323, 40),
    (323, 116),
    (323, 83),
    (324, 73),
    (324, 70),
    (324, 75),
    (325, 47),
    (325, 20),
    (325, 82),
    (326, 47),
    (326, 20),
    (326, 82),
    (327, 20),
    (327, 77),
    (327, 126),
    (328, 52),
    (328, 71),
    (328, 125),
    (329, 26),
    (330, 26),
    (331, 8),
    (331, 11),
    (332, 8),
    (332, 11),
    (333, 30),
    (333, 13),
    (334, 30),
    (334, 13),
    (335, 17),
    (335, 137),
    (336, 61),
    (336, 151),
    (337, 26),
    (338, 26),
    (339, 12),
    (339, 107),
    (339, 93),
    (340, 12),
    (340, 107),
    (340, 93),
    (341, 52),
    (341, 75),
    (341, 91),
    (342, 52),
    (342, 75),
    (342, 91),
    (343, 26),
    (344, 26),
    (345, 21),
    (345, 114),
    (346, 21),
    (346, 114),
    (347, 4),
    (347, 33),
    (348, 4),
    (348, 33),
    (349, 33),
    (349, 12),
    (349, 91),
    (350, 63),
    (350, 172),
    (350, 56),
    (351, 59),
    (352, 16),
    (352, 168),
    (353, 15),
    (353, 119),
    (353, 130),
    (354, 15),
    (354, 119),
    (354, 130),
    (355, 26),
    (355, 119),
    (356, 46),
    (356, 119),
    (357, 34),
    (357, 94),
    (357, 139),
    (358, 26),
    (359, 46),
    (359, 105),
    (359, 154),
    (360, 23),
    (360, 140),
    (361, 39),
    (361, 115),
    (361, 141),
    (362, 39),
    (362, 115),
    (362, 141),
    (363, 47),
    (363, 115),
    (363, 12),
    (364, 47),
    (364, 115),
    (364, 12),
    (365, 47),
    (365, 115),
    (365, 12),
    (366, 75),
    (366, 155),
    (367, 33),
    (367, 41),
    (368, 33),
    (368, 93),
    (369, 33),
    (369, 69),
    (369, 5),
    (370, 33),
    (370, 93),
    (371, 69),
    (371, 125),
    (372, 69),
    (372, 142),
    (373, 22),
    (373, 153),
    (374, 29),
    (374, 135),
    (375, 29),
    (375, 135),
    (376, 29),
    (376, 135),
    (377, 29),
    (377, 5),
    (378, 29),
    (378, 115),
    (379, 29),
    (379, 135),
    (380, 26),
    (381, 26),
    (382, 2),
    (383, 70),
    (384, 76),
    (385, 32),
    (386, 46),
    (387, 65),
    (387, 75),
    (388, 65),
    (388, 75),
    (389, 65),
    (389, 75),
    (390, 66),
    (390, 89),
    (391, 66),
    (391, 89),
    (392, 66),
    (392, 89),
    (393, 67),
    (393, 128),
    (394, 67),
    (394, 128),
    (395, 67),
    (395, 128),
    (396, 51),
    (396, 120),
    (397, 22),
    (397, 120),
    (398, 22),
    (398, 120),
    (399, 86),
    (399, 109),
    (399, 141),
    (400, 86),
    (400, 109),
    (400, 141),
    (401, 61),
    (401, 50),
    (402, 68),
    (402, 101),
    (403, 79),
    (403, 22),
    (403, 62),
    (404, 79),
    (404, 22),
    (404, 62),
    (405, 79),
    (405, 22),
    (405, 62),
    (406, 30),
    (406, 38),
    (406, 102),
    (407, 30),
    (407, 38),
    (407, 101),
    (408, 104),
    (408, 125),
    (409, 104),
    (409, 125),
    (410, 5),
    (410, 43),
    (411, 5),
    (411, 43),
    (412, 61),
    (412, 142),
    (413, 107),
    (413, 142),
    (414, 68),
    (414, 110),
    (415, 118),
    (415, 55),
    (416, 46),
    (416, 127),
    (417, 50),
    (417, 53),
    (417, 10),
    (418, 33),
    (418, 41),
    (419, 33),
    (419, 41),
    (420, 34),
    (421, 122),
    (422, 60),
    (422, 114),
    (422, 159),
    (423, 60),
    (423, 114),
    (423, 159),
    (424, 101),
    (424, 53),
    (424, 92),
    (425, 106),
    (425, 84),
    (425, 138),
    (426, 106),
    (426, 84),
    (426, 138),
    (427, 50),
    (427, 103),
    (427, 7),
    (428, 56),
    (428, 103),
    (428, 7),
    (429, 26),
    (430, 15),
    (430, 105),
    (430, 153),
    (431, 7),
    (431, 20),
    (431, 51),
    (432, 47),
    (432, 20),
    (432, 128),
    (433, 26),
    (434, 1),
    (434, 106),
    (434, 51),
    (435, 1),
    (435, 106),
    (435, 51),
    (436, 26),
    (436, 85),
    (436, 134),
    (437, 26),
    (437, 85),
    (437, 134),
    (438, 5),
    (438, 69),
    (438, 155),
    (439, 43),
    (439, 111),
    (439, 101),
    (440, 30),
    (440, 32),
    (440, 132),
    (441, 51),
    (441, 77),
    (441, 145),
    (442, 46),
    (442, 151),
    (443, 8),
    (443, 24),
    (444, 8),
    (444, 24),
    (445, 8),
    (445, 24),
    (446, 53),
    (446, 47),
    (446, 82),
    (447, 80),
    (447, 39),
    (447, 158),
    (448, 80),
    (448, 39),
    (448, 154),
    (449, 45),
    (449, 159),
    (450, 45),
    (450, 159),
    (451, 4),
    (451, 97),
    (451, 51),
    (452, 4),
    (452, 97),
    (452, 51),
    (453, 107),
    (453, 87),
    (453, 143),
    (454, 107),
    (454, 87),
    (454, 143),
    (455, 26),
    (456, 33),
    (456, 114),
    (456, 41),
    (457, 33),
    (457, 114),
    (457, 41),
    (458, 33),
    (458, 11),
    (458, 41),
    (459, 117),
    (459, 43),
    (460, 117),
    (460, 43),
    (461, 46),
    (461, 124),
    (462, 42),
    (462, 5),
    (462, 148),
    (463, 20),
    (463, 12),
    (463, 13),
    (464, 31),
    (464, 116),
    (464, 120),
    (465, 34),
    (465, 102),
    (465, 144),
    (466, 78),
    (466, 72),
    (467, 49),
    (467, 72),
    (468, 55),
    (468, 32),
    (468, 105),
    (469, 3),
    (469, 110),
    (469, 119),
    (470, 102),
    (470, 34),
    (471, 81),
    (471, 115),
    (472, 52),
    (472, 8),
    (472, 90),
    (473, 12),
    (473, 81),
    (473, 47),
    (474, 91),
    (474, 88),
    (474, 148),
    (475, 80),
    (475, 154),
    (476, 5),
    (476, 42),
    (476, 159),
    (477, 46),
    (477, 119),
    (478, 81),
    (478, 130),
    (479, 26),
    (480, 26),
    (481, 26),
    (482, 26),
    (483, 46),
    (483, 140),
    (484, 46),
    (484, 140),
    (485, 18),
    (485, 49),
    (486, 112),
    (487, 46),
    (487, 140),
    (488, 26),
    (489, 93),
    (490, 93),
    (491, 123),
    (492, 30),
    (493, 121),
    (494, 162),
    (495, 65),
    (495, 126),
    (496, 65),
    (496, 126),
    (497, 65),
    (497, 126),
    (498, 66),
    (498, 47),
    (499, 66),
    (499, 47),
    (500, 66),
    (500, 120),
    (501, 67),
    (501, 75),
    (502, 67),
    (502, 75),
    (503, 67),
    (503, 75),
    (504, 50),
    (504, 51),
    (504, 148),
    (505, 35),
    (505, 51),
    (505, 148),
    (506, 72),
    (506, 53),
    (506, 50),
    (507, 22),
    (507, 146),
    (507, 113),
    (508, 22),
    (508, 146),
    (508, 113),
    (509, 7),
    (509, 84),
    (509, 158),
    (510, 7),
    (510, 84),
    (510, 158),
    (511, 82),
    (511, 65),
    (512, 82),
    (512, 65),
    (513, 82),
    (513, 66),
    (514, 82),
    (514, 66),
    (515, 82),
    (515, 67),
    (516, 82),
    (516, 67),
    (517, 108),
    (517, 28),
    (517, 140),
    (518, 108),
    (518, 28),
    (518, 140),
    (519, 145),
    (519, 105),
    (519, 79),
    (520, 145),
    (520, 105),
    (520, 79),
    (521, 145),
    (521, 105),
    (521, 79),
    (522, 31),
    (522, 78),
    (522, 157),
    (523, 31),
    (523, 78),
    (523, 157),
    (524, 5),
    (524, 133),
    (524, 159),
    (525, 5),
    (525, 133),
    (525, 159),
    (526, 5),
    (526, 45),
    (526, 159),
    (527, 109),
    (527, 103),
    (527, 86),
    (528, 109),
    (528, 103),
    (528, 86),
    (529, 146),
    (529, 159),
    (529, 104),
    (530, 146),
    (530, 159),
    (530, 104),
    (531, 131),
    (531, 144),
    (531, 103),
    (532, 62),
    (532, 125),
    (532, 89),
    (533, 62),
    (533, 125),
    (533, 89),
    (534, 62),
    (534, 125),
    (534, 89),
    (535, 33),
    (535, 93),
    (535, 11),
    (536, 33),
    (536, 93),
    (536, 11),
    (537, 33),
    (537, 143),
    (537, 11),
    (538, 62),
    (538, 39),
    (538, 104),
    (539, 5),
    (539, 39),
    (539, 104),
    (540, 68),
    (540, 34),
    (540, 142),
    (541, 102),
    (541, 34),
    (541, 142),
    (542, 68),
    (542, 34),
    (542, 142),
    (543, 38),
    (543, 68),
    (543, 3),
    (544, 38),
    (544, 68),
    (544, 3),
    (545, 38),
    (545, 68),
    (545, 3),
    (546, 158),
    (546, 151),
    (546, 34),
    (547, 158),
    (547, 151),
    (547, 34),
    (548, 34),
    (548, 20),
    (548, 102),
    (549, 34),
    (549, 20),
    (549, 102),
    (550, 120),
    (550, 91),
    (550, 104),
    (551, 22),
    (551, 153),
    (551, 83),
    (552, 22),
    (552, 153),
    (552, 83),
    (553, 22),
    (553, 153),
    (553, 83),
    (554, 55),
    (554, 39),
    (555, 125),
    (555, 161),
    (556, 11),
    (556, 34),
    (556, 114),
    (557, 5),
    (557, 75),
    (557, 133),
    (558, 5),
    (558, 75),
    (558, 133),
    (559, 61),
    (559, 153),
    (559, 22),
    (560, 61),
    (560, 153),
    (560, 22),
    (561, 147),
    (561, 98),
    (561, 110),
    (562, 152),
    (563, 152),
    (564, 116),
    (564, 5),
    (564, 33),
    (565, 116),
    (565, 5),
    (565, 33),
    (566, 129),
    (567, 129),
    (568, 1),
    (568, 60),
    (568, 106),
    (569, 1),
    (569, 133),
    (569, 106),
    (570, 149),
    (571, 149),
    (572, 56),
    (572, 101),
    (572, 92),
    (573, 56),
    (573, 101),
    (573, 92),
    (574, 119),
    (574, 172),
    (574, 23),
    (575, 119),
    (575, 172),
    (575, 23),
    (576, 119),
    (576, 172),
    (576, 23),
    (577, 142),
    (577, 98),
    (577, 144),
    (578, 142),
    (578, 98),
    (578, 144),
    (579, 142),
    (579, 98),
    (579, 144),
    (580, 51),
    (580, 145),
    (580, 93),
    (581, 51),
    (581, 145),
    (581, 93),
    (582, 115),
    (582, 81),
    (582, 133),
    (583, 115),
    (583, 81),
    (583, 133),
    (584, 115),
    (584, 117),
    (584, 133),
    (585, 34),
    (585, 157),
    (585, 32),
    (586, 34),
    (586, 157),
    (586, 32),
    (587, 9),
    (587, 78),
    (588, 68),
    (588, 61),
    (588, 99),
    (589, 68),
    (589, 75),
    (589, 142),
    (590, 27),
    (590, 144),
    (591, 27),
    (591, 144),
    (592, 11),
    (592, 130),
    (592, 6),
    (593, 11),
    (593, 130),
    (593, 6),
    (594, 131),
    (594, 93),
    (594, 144),
    (595, 14),
    (595, 127),
    (595, 68),
    (596, 14),
    (596, 127),
    (596, 68),
    (597, 160),
    (598, 160),
    (598, 107),
    (599, 57),
    (599, 58),
    (599, 29),
    (600, 57),
    (600, 58),
    (600, 29),
    (601, 57),
    (601, 58),
    (601, 29),
    (602, 26),
    (603, 26),
    (604, 26),
    (605, 140),
    (605, 28),
    (605, 148),
    (606, 140),
    (606, 28),
    (606, 148),
    (607, 18),
    (607, 49),
    (607, 151),
    (608, 18),
    (608, 49),
    (608, 151),
    (609, 18),
    (609, 49),
    (609, 151),
    (610, 79),
    (610, 104),
    (610, 127),
    (611, 79),
    (611, 104),
    (611, 127),
    (612, 79),
    (612, 104),
    (612, 127),
    (613, 81),
    (613, 202),
    (613, 155),
    (614, 81),
    (614, 202),
    (614, 33),
    (615, 26),
    (616, 93),
    (616, 75),
    (616, 142),
    (617, 93),
    (617, 60),
    (617, 84),
    (618, 9),
    (618, 7),
    (618, 8),
    (619, 39),
    (619, 144),
    (619, 120),
    (620, 39),
    (620, 144),
    (620, 120),
    (621, 24),
    (621, 125),
    (621, 104),
    (622, 89),
    (622, 103),
    (622, 99),
    (623, 89),
    (623, 103),
    (623, 99),
    (624, 128),
    (624, 39),
    (624, 46),
    (625, 128),
    (625, 39),
    (625, 46),
    (626, 120),
    (626, 157),
    (626, 43),
    (627, 51),
    (627, 125),
    (627, 55),
    (628, 51),
    (628, 125),
    (628, 128),
    (629, 145),
    (629, 142),
    (629, 133),
    (630, 145),
    (630, 142),
    (630, 133),
    (631, 82),
    (631, 18),
    (631, 73),
    (632, 68),
    (632, 55),
    (632, 54),
    (633, 55),
    (634, 55),
    (635, 26),
    (636, 49),
    (636, 68),
    (637, 49),
    (637, 68),
    (638, 154),
    (639, 154),
    (640, 154),
    (641, 158),
    (641, 128),
    (642, 158),
    (642, 128),
    (643, 163),
    (644, 164),
    (645, 159),
    (645, 125),
    (646, 46),
    (647, 154),
    (648, 32),
    (649, 88),
    (650, 65),
    (650, 171),
    (651, 65),
    (651, 171),
    (652, 65),
    (652, 171),
    (653, 66),
    (653, 170),
    (654, 66),
    (654, 170),
    (655, 66),
    (655, 170),
    (656, 67),
    (656, 168),
    (657, 67),
    (657, 168),
    (658, 67),
    (658, 168),
    (659, 53),
    (659, 167),
    (659, 37),
    (660, 53),
    (660, 167),
    (660, 37),
    (661, 145),
    (661, 177),
    (662, 49),
    (662, 177),
    (663, 49),
    (663, 177),
    (664, 19),
    (664, 14),
    (664, 132),
    (665, 61),
    (665, 132),
    (666, 19),
    (666, 14),
    (666, 132),
    (667, 79),
    (667, 127),
    (667, 153),
    (668, 79),
    (668, 127),
    (668, 153),
    (669, 166),
    (669, 180),
    (670, 166),
    (670, 180),
    (671, 166),
    (671, 180),
    (672, 157),
    (672, 179),
    (673, 157),
    (673, 179),
    (674, 89),
    (674, 104),
    (674, 113),
    (675, 89),
    (675, 104),
    (675, 113),
    (676, 169),
    (677, 51),
    (677, 151),
    (677, 20),
    (678, 51),
    (678, 151),
    (678, 158),
    (679, 99),
    (680, 99),
    (681, 176),
    (682, 131),
    (682, 165),
    (683, 131),
    (683, 165),
    (684, 175),
    (684, 84),
    (685, 175),
    (685, 84),
    (686, 126),
    (686, 21),
    (686, 151),
    (687, 126),
    (687, 21),
    (687, 151),
    (688, 181),
    (688, 97),
    (688, 124),
    (689, 181),
    (689, 97),
    (689, 124),
    (690, 38),
    (690, 143),
    (690, 91),
    (691, 38),
    (691, 143),
    (691, 91),
    (692, 178),
    (693, 178),
    (694, 87),
    (694, 8),
    (694, 94),
    (695, 87),
    (695, 8),
    (695, 94),
    (696, 173),
    (696, 5),
    (697, 173),
    (697, 69),
    (698, 174),
    (698, 117),
    (699, 174),
    (699, 117),
    (700, 56),
    (700, 182),
    (701, 7),
    (701, 84),
    (701, 104),
    (702, 167),
    (702, 53),
    (702, 57),
    (703, 29),
    (703, 5),
    (704, 157),
    (704, 93),
    (704, 183),
    (705, 157),
    (705, 93),
    (705, 183),
    (706, 157),
    (706, 93),
    (706, 183),
    (707, 158),
    (707, 170),
    (708, 30),
    (708, 119),
    (708, 139),
    (709, 30),
    (709, 119),
    (709, 139),
    (710, 53),
    (710, 119),
    (710, 15),
    (711, 53),
    (711, 119),
    (711, 15),
    (712, 20),
    (712, 115),
    (712, 5),
    (713, 20),
    (713, 115),
    (713, 5),
    (714, 119),
    (714, 151),
    (714, 140),
    (715, 119),
    (715, 151),
    (715, 140),
    (716, 187),
    (717, 186),
    (718, 188),
    (719, 29),
    (720, 170),
    (721, 11),
    (722, 65),
    (722, 203),
    (723, 65),
    (723, 203),
    (724, 65),
    (724, 203),
    (725, 66),
    (725, 22),
    (726, 66),
    (726, 22),
    (727, 66),
    (727, 22),
    (728, 67),
    (728, 204),
    (729, 67),
    (729, 204),
    (730, 67),
    (730, 204),
    (731, 51),
    (731, 92),
    (731, 53),
    (732, 51),
    (732, 92),
    (732, 53),
    (733, 51),
    (733, 92),
    (733, 125),
    (734, 198),
    (734, 173),
    (734, 91),
    (735, 198),
    (735, 173),
    (735, 91),
    (736, 68),
    (737, 217),
    (738, 26),
    (739, 52),
    (739, 89),
    (739, 83),
    (740, 52),
    (740, 89),
    (740, 83),
    (741, 216),
    (742, 118),
    (742, 19),
    (742, 175),
    (743, 118),
    (743, 19),
    (743, 175),
    (744, 51),
    (744, 72),
    (744, 80),
    (745, 51),
    (745, 146),
    (745, 80),
    (746, 208),
    (747, 196),
    (747, 7),
    (747, 144),
    (748, 196),
    (748, 7),
    (748, 144),
    (749, 20),
    (749, 192),
    (749, 39),
    (750, 20),
    (750, 192),
    (750, 39),
    (751, 199),
    (751, 11),
    (752, 199),
    (752, 11),
    (753, 102),
    (753, 126),
    (754, 102),
    (754, 126),
    (755, 35),
    (755, 27),
    (755, 44),
    (756, 35),
    (756, 27),
    (756, 44),
    (757, 212),
    (757, 12),
    (758, 212),
    (758, 12),
    (759, 218),
    (759, 103),
    (759, 56),
    (760, 218),
    (760, 103),
    (760, 127),
    (761, 102),
    (761, 12),
    (761, 175),
    (762, 102),
    (762, 12),
    (762, 175),
    (763, 102),
    (763, 214),
    (763, 175),
    (764, 166),
    (764, 205),
    (764, 30),
    (765, 39),
    (765, 140),
    (765, 180),
    (766, 222),
    (766, 128),
    (767, 193),
    (768, 194),
    (769, 195),
    (769, 8),
    (770, 195),
    (770, 8),
    (771, 215),
    (771, 109),
    (772, 4),
    (773, 225),
    (774, 197),
    (775, 213),
    (776, 75),
    (777, 160),
    (777, 31),
    (777, 5),
    (778, 209),
    (779, 219),
    (779, 173),
    (779, 147),
    (780, 201),
    (780, 157),
    (780, 13),
    (781, 200),
    (782, 171),
    (782, 43),
    (782, 142),
    (783, 171),
    (783, 43),
    (783, 142),
    (784, 171),
    (784, 43),
    (784, 142),
    (785, 226),
    (785, 140),
    (786, 227),
    (786, 140),
    (787, 229),
    (787, 140),
    (788, 228),
    (788, 140),
    (789, 109),
    (790, 5),
    (791, 230),
    (792, 231),
    (793, 224),
    (794, 224),
    (795, 224),
    (796, 224),
    (797, 224),
    (798, 224),
    (799, 224),
    (800, 232),
    (801, 220),
    (802, 101),
    (803, 224),
    (804, 224),
    (805, 224),
    (806, 224),
    (807, 10),
    (10001, 46),
    (10002, 46),
    (10003, 46),
    (10004, 107),
    (10004, 142),
    (10005, 107),
    (10005, 142),
    (10006, 32),
    (10007, 26),
    (10008, 26),
    (10009, 26),
    (10010, 26),
    (10011, 26),
    (10012, 26),
    (10013, 59),
    (10014, 59),
    (10015, 59),
    (10016, 69),
    (10016, 91),
    (10016, 104),
    (10017, 125),
    (10017, 161),
    (10018, 32),
    (10019, 144),
    (10020, 10),
    (10021, 22),
    (10022, 164),
    (10023, 163),
    (10024, 154),
    (10025, 51),
    (10025, 151),
    (10025, 172),
    (10026, 176),
    (10027, 53),
    (10027, 119),
    (10027, 15),
    (10028, 53),
    (10028, 119),
    (10028, 15),
    (10029, 53),
    (10029, 119),
    (10029, 15),
    (10030, 53),
    (10030, 119),
    (10030, 15),
    (10031, 53),
    (10031, 119),
    (10031, 15),
    (10032, 53),
    (10032, 119),
    (10032, 15),
    (10033, 47),
    (10034, 181),
    (10035, 70),
    (10036, 178),
    (10037, 36),
    (10038, 23),
    (10039, 185),
    (10040, 184),
    (10041, 104),
    (10042, 181),
    (10043, 80),
    (10044, 15),
    (10045, 104),
    (10046, 101),
    (10047, 92),
    (10048, 94),
    (10049, 45),
    (10050, 3),
    (10051, 182),
    (10052, 37),
    (10053, 111),
    (10054, 74),
    (10055, 22),
    (10056, 158),
    (10057, 156),
    (10058, 159),
    (10059, 91),
    (10060, 117),
    (10061, 166),
    (10061, 180),
    (10062, 26),
    (10063, 26),
    (10064, 33),
    (10065, 31),
    (10066, 156),
    (10067, 182),
    (10068, 39),
    (10069, 131),
    (10070, 173),
    (10071, 75),
    (10072, 159),
    (10073, 99),
    (10074, 174),
    (10075, 156),
    (10076, 181),
    (10077, 189),
    (10078, 190),
    (10079, 191),
    (10080, 9),
    (10080, 31),
    (10081, 9),
    (10081, 31),
    (10082, 9),
    (10082, 31),
    (10083, 9),
    (10083, 31),
    (10084, 9),
    (10084, 31),
    (10085, 9),
    (10085, 31),
    (10086, 170),
    (10087, 125),
    (10088, 113),
    (10089, 184),
    (10090, 91),
    (10091, 82),
    (10091, 55),
    (10091, 47),
    (10092, 82),
    (10092, 55),
    (10092, 47),
    (10093, 82),
    (10093, 55),
    (10093, 47),
    (10094, 9),
    (10094, 31),
    (10095, 9),
    (10095, 31),
    (10096, 9),
    (10096, 31),
    (10097, 9),
    (10097, 31),
    (10098, 9),
    (10098, 31),
    (10099, 9),
    (10099, 31),
    (10100, 207),
    (10101, 81),
    (10101, 202),
    (10102, 81),
    (10102, 202),
    (10103, 81),
    (10103, 117),
    (10104, 81),
    (10104, 117),
    (10105, 8),
    (10105, 221),
    (10105, 159),
    (10106, 8),
    (10106, 221),
    (10106, 159),
    (10107, 53),
    (10107, 101),
    (10107, 155),
    (10108, 169),
    (10108, 101),
    (10108, 155),
    (10109, 42),
    (10109, 5),
    (10109, 206),
    (10110, 42),
    (10110, 5),
    (10110, 206),
    (10111, 42),
    (10111, 5),
    (10111, 206),
    (10112, 143),
    (10112, 82),
    (10112, 223),
    (10113, 143),
    (10113, 82),
    (10113, 223),
    (10114, 119),
    (10114, 139),
    (10115, 130),
    (10115, 31),
    (10115, 69),
    (10116, 210),
    (10117, 210),
    (10118, 211),
    (10119, 211),
    (10120, 211),
    (10121, 198),
    (10121, 173),
    (10121, 91),
    (10122, 26),
    (10123, 216),
    (10124, 216),
    (10125, 216),
    (10126, 51),
    (10126, 72),
    (10126, 99),
    (10127, 208),
    (10128, 102),
    (10128, 126),
    (10129, 212),
    (10129, 12),
    (10130, 197),
    (10131, 197),
    (10132, 197),
    (10133, 197),
    (10134, 197),
    (10135, 197),
    (10136, 197),
    (10137, 197),
    (10138, 197),
    (10139, 197),
    (10140, 197),
    (10141, 197),
    (10142, 197),
    (10143, 209),
    (10144, 209),
    (10145, 209),
    (10146, 171),
    (10146, 43),
    (10146, 142),
    (10147, 220),
    (10148, 9),
    (10148, 31),
    (10149, 130),
    (10149, 31),
    (10149, 69),
    (10150, 118),
    (10150, 19),
    (10150, 175),
    (10151, 20),
    (10152, 181),
    (10153, 199),
    (10153, 11),
    (10154, 160),
    (10154, 31),
    (10154, 5),
    (10155, 232),
    (10156, 232),
    (10157, 233);